idTweet,hashtag,hashtagBrut,indiceStart,indiceEnd
6.71749E+17,socionoel,SocioNoel,106,116
6.71978E+17,socionoel,SocioNoel,97,107
6.71977E+17,socionoel,SocioNoel,63,73
6.71976E+17,socionoel,SocioNoel,16,26
6.71976E+17,culturalstudies,culturalstudies,99,115
6.7165E+17,socionoel,SocioNoël,30,40
6.71975E+17,socionoel,SocioNoël,0,10
6.71975E+17,genre,genre,41,47
6.71974E+17,culture,culture,74,82
6.71974E+17,socionoel,SocioNoel,84,94
6.71974E+17,mustread,mustread,95,104
6.71974E+17,socionoel,SocioNoel,0,10
6.71972E+17,socionoel,SocioNoel,26,36
6.71971E+17,socionoel,SocioNoel,26,36
6.71969E+17,socionoel,SocioNoel,0,10
6.71968E+17,socionoel,SocioNoel,37,47
6.71967E+17,socionoel,SocioNoel,24,34
6.71967E+17,anthroponoel,anthroponoel,68,81
6.71968E+17,socionoel,SocioNoel,37,47
6.71968E+17,socionoel,SocioNoël,98,108
6.71968E+17,day2,Day2,109,114
6.71968E+17,socionoel,SocioNoel,0,10
6.71965E+17,socionoel,SocioNoel,0,10
6.71963E+17,socionoel,SocioNoël,0,10
6.71961E+17,socionoel,SocioNoel,47,57
6.71844E+17,socionoel,SocioNoel,38,48
6.71827E+17,socionoel,SocioNoel,13,23
6.71827E+17,excusesociologiques,excusesociologiques,88,108
6.71827E+17,valls,Valls,112,118
6.71793E+17,socionoel,SocioNoël,12,22
6.71764E+17,socionoel,SocioNoël,43,53
6.71753E+17,socionoel,SocioNoel,8,18
6.71742E+17,socionoel,SocioNoel,82,92
6.71954E+17,socionoel,SocioNoel,0,10
6.71954E+17,socionoel,SocioNoel,76,86
6.71935E+17,socionoel,SocioNoel,63,73
6.71829E+17,socionoel,SocioNoël,2,12
6.71825E+17,socionoel,SocioNoel,15,25
6.71821E+17,socionoel,SocioNoel,119,129
6.71811E+17,socionoel,SocioNoel,99,109
6.7181E+17,socionoel,socionoel,46,56
6.71796E+17,socionoel,SocioNoel,0,10
6.71784E+17,socionoel,SocioNoel,52,62
6.71784E+17,anthroponoel,AnthropoNoel,85,98
6.71783E+17,socionoel,SocioNoel,128,138
6.71774E+17,socionoel,SocioNoel,81,91
6.71766E+17,socionoel,SocioNoel,0,10
6.71766E+17,socionoel,socionoel,14,24
6.71766E+17,socionoel,SocioNoel,0,10
6.71755E+17,socionoel,SocioNoel,16,26
6.71748E+17,socionoel,socionoël,27,37
6.71746E+17,socionoel,SocioNoel,41,51
6.71746E+17,dauphins,dauphins,52,61
6.71746E+17,tumetonnequepbnapaseusuccesenitalie,tumetonnequePBnapaseusuccesenItalie,62,98
6.71746E+17,reception,reception,99,109
6.71746E+17,socionoel,socionoel,0,10
6.71746E+17,socionoel,socionoel,0,10
6.71745E+17,socionoel,SocioNoel,43,53
6.71745E+17,l1staps,L1Staps,101,109
6.71744E+17,socionoel,SocioNoel,0,10
6.71743E+17,socionoel,SocioNoel,0,10
6.71742E+17,socionoel,SocioNoel,0,10
6.71742E+17,socionoel,SocioNoel,0,10
6.71742E+17,socionoel,SocioNoel,59,69
6.71742E+17,socionoel,SocioNoel,0,10
6.71742E+17,socionoel,SocioNoel,46,56
6.71741E+17,socionoel,SocioNoel,14,24
6.71741E+17,socionoel,SocioNoel,4,14
6.71741E+17,socionoel,SocioNoel,100,110
6.71741E+17,socionoel,SocioNoel,33,43
6.71741E+17,socionoel,SocioNoel,0,10
6.71741E+17,socionoel,SocioNoel,93,103
6.71739E+17,socionoel,SocioNoel,12,22
6.71738E+17,socionoel,SocioNoël,107,117
6.71733E+17,socionoel,SocioNoel,39,49
6.71733E+17,socionoel,SocioNoël,0,10
6.71733E+17,attentat,attentat,131,140
6.71733E+17,socionoel,SocioNoel,0,10
6.71725E+17,socionoel,socionoel,5,15
6.71724E+17,socionoel,SocioNoel,0,10
6.71723E+17,socionoel,SocioNoel,53,63
6.71723E+17,socionoel,SocioNoel,18,28
6.71722E+17,socionoel,SocioNoel,77,87
6.71721E+17,socionoel,SocioNoel,10,20
6.7172E+17,socionoel,SocioNoel,72,82
6.71719E+17,socionoel,SocioNoel,55,65
6.71718E+17,badiou,Badiou,97,104
6.71718E+17,socionoel,SocioNoel,105,115
6.71715E+17,socionoel,SocioNoel,0,10
6.71714E+17,socionoel,SocioNoel,29,39
6.71714E+17,socionoel,SocioNoel,34,44
6.71712E+17,socionoel,SocioNoel,69,79
6.71705E+17,cartekiwi,CarteKiwi,88,98
6.71712E+17,socionoel,SocioNoel,0,10
6.7171E+17,socionoel,SocioNoel,21,31
6.7171E+17,sorcellerie,Sorcellerie,75,87
6.7171E+17,socionoel,SocioNoel,88,98
6.71709E+17,socionoel,SocioNoel,126,136
6.71709E+17,socionoel,socionoel,107,117
6.71708E+17,socionoel,SocioNoel,127,137
6.71708E+17,socionoel,socioNoël,103,113
6.71706E+17,socionoel,SocioNoël,0,10
6.71695E+17,socionoel,SocioNoel,0,10
6.71695E+17,socionoel,SocioNoel,106,116
6.71688E+17,socionoel,socionoel,0,10
6.71688E+17,socionoel,SocioNoel,64,74
6.71679E+17,socionoel,SocioNoël,16,26
6.71678E+17,socionoel,SocioNoel,92,102
6.71677E+17,socionoel,SocioNoel,86,96
6.71673E+17,socionoel,SocioNoel,0,10
6.71673E+17,day1,day1,11,16
6.71675E+17,socionoel,SocioNoel,0,10
6.7167E+17,socionoel,SocioNoël,63,73
6.7167E+17,socionoel,SocioNoël,127,137
6.71599E+17,socionoel,SocioNoel,15,25
6.71594E+17,socionoel,SocioNoel,65,75
6.71438E+17,socionoel,SocioNoel,87,97
6.71421E+17,socionoel,socionoël,18,28
6.71675E+17,socionoel,SocioNoel,0,10
6.71671E+17,histoiredesideesnoel,HistoireDesIdéesNoel,4,25
6.71671E+17,socionoel,SocioNoel,67,77
6.71674E+17,socionoel,SocioNoel,105,115
6.71639E+17,socionoel,SocioNoel,4,14
6.71639E+17,socionoel,SocioNoel,77,87
6.71638E+17,socionoel,socionoel,30,40
6.7163E+17,socionoel,socionoel,88,98
6.71625E+17,socionoel,socionoel,119,129
6.71627E+17,socionoel,SocioNoel,127,137
6.71626E+17,socionoel,SocioNoel,65,75
6.71618E+17,socionoel,socionoel,122,132
6.71617E+17,socionoel,socionoel,56,66
6.71602E+17,socionoel,socionoel,0,10
6.71409E+17,socionoel,socionoel,72,82
6.71601E+17,socionoel,socionoel,16,26
6.71597E+17,socionoel,SocioNoel,0,10
6.71597E+17,socionoel,SocioNoël,15,25
6.71594E+17,socionoel,SocioNoel,0,10
6.71596E+17,socionoel,SocioNoel,128,138
6.71398E+17,socionoel,Socionoël,25,35
6.71397E+17,socionoel,SocioNoël,49,59
6.7303E+17,socionoel,SocioNoel,67,77
6.7171E+17,socionoel,SocioNoel,0,10
6.75053E+17,socionoel,SocioNoel,15,25
6.78874E+17,socionoel,SocioNoel,94,104
6.78874E+17,philonoel,PhiloNoel,105,115
6.72004E+17,socionoel,socionoel,0,10
6.72004E+17,culture,culture,74,82
6.7234E+17,socionoel,SocioNoel,82,92
6.76112E+17,socionoel,SocioNoel,0,10
6.78873E+17,socionoel,SocioNoel,0,10
6.78873E+17,souffrance,Souffrance,14,25
6.78873E+17,distance,Distance,28,37
6.78873E+17,boltanski,Boltanski,62,72
6.78873E+17,actualite,Actualite,95,105
6.72705E+17,socionoel,SocioNoel,60,70
6.72807E+17,djendeur,djendeur,24,33
6.72807E+17,socionoel,SocioNoel,38,48
6.72854E+17,socionoel,SocioNoel,98,108
6.73185E+17,socionoel,SocioNoel,10,20
6.73403E+17,socionoel,SocioNoel,65,75
6.73428E+17,socionoel,SocioNoel,4,14
6.73497E+17,socionoel,SocioNoel,0,10
6.73497E+17,day5,Day5,11,16
6.73792E+17,socionoel,SocioNoel,68,78
6.74149E+17,socionoel,SocioNoel,59,69
6.75821E+17,socionoel,SocioNoel,0,10
6.75821E+17,onpc,ONPC,77,82
6.77238E+17,socionoel,SocioNoel,0,10
6.74513E+17,socionoel,SocioNoel,75,85
6.77238E+17,socionoel,SocioNoel,0,10
6.74876E+17,socionoel,SocioNoel,81,91
6.74934E+17,socionoel,SocioNoel,0,10
6.74934E+17,day9,day9,54,59
6.74934E+17,lahire,Lahire,100,107
6.7524E+17,socionoel,SocioNoel,54,64
6.78248E+17,socionoel,SocioNoel,129,139
6.75568E+17,socionoel,SocioNoel,58,68
6.79324E+17,socionoel,SocioNoel,75,85
6.79017E+17,socionoel,SocioNoel,0,10
6.76517E+17,socionoel,SocioNoel,0,10
6.76517E+17,day12,Day12,11,17
6.76517E+17,article,article,114,122
6.75949E+17,socionoel,SocioNoel,0,10
6.75944E+17,socionoel,SocioNoel,45,55
6.79224E+17,socionoel,SocioNoel,0,10
6.76371E+17,lt,LT,0,3
6.76371E+17,socionoel,SocioNoel,0,10
6.76712E+17,socionoel,SocioNoel,61,71
6.76754E+17,socionoel,SocioNoel,0,10
6.79593E+17,socionoel,SocioNoel,0,10
6.77087E+17,socionoel,SocioNoel,0,10
6.79603E+17,socionoel,SocioNoel,0,10
6.77373E+17,socionoel,SocioNoel,65,75
6.79604E+17,socionoel,SocioNoel,0,10
6.77728E+17,socionoel,SocioNoel,52,62
6.77798E+17,socionoel,SocioNoel,0,10
6.78163E+17,socionoel,SocioNoel,0,10
6.78265E+17,socionoel,SocioNoel,52,62
6.78467E+17,socionoel,SocioNoel,44,54
6.78886E+17,socionoel,SocioNoel,30,40
6.78912E+17,socionoel,SocioNoel,57,67
6.78972E+17,socionoel,SocioNoel,68,78
6.79829E+17,socionoel,SocioNoel,0,10
6.7983E+17,socionoel,SocioNoel,0,10
6.80018E+17,socionoel,SocioNoel,0,10
6.80041E+17,socionoel,SocioNoel,4,14
6.80164E+17,philonoel,Philonoel,92,102
6.80164E+17,socionoel,SocioNoel,103,113
6.80166E+17,philonoel,PhiloNoel,95,105
6.80166E+17,socionoel,SocioNoel,106,116
6.77491E+17,socionoel,socionoel,122,132
6.7749E+17,socionoel,SocioNoel,15,25
6.7749E+17,russie,Russie,87,94
6.77478E+17,socionoel,SocioNoël,0,10
6.77465E+17,socionoel,SocioNoël,126,136
6.77452E+17,socionoel,SocioNoël,0,10
6.77443E+17,socionoel,SocioNoel,11,21
6.77439E+17,socionoel,SocioNoel,0,10
6.77439E+17,apprentissage,apprentissage,77,91
6.77438E+17,socionoel,SocioNoël,82,92
6.77436E+17,socionoel,SocioNoel,8,18
6.77432E+17,socionoel,SocioNoël,0,10
6.77426E+17,socionoel,SocioNoel,0,10
6.77422E+17,socionoel,SocioNoel,0,10
6.77418E+17,socionoel,SocioNoel,23,33
6.77393E+17,socionoel,SocioNoel,0,10
6.85497E+17,vendredilecture,VendrediLecture,0,16
6.85497E+17,socionoel,socionoel,17,27
6.85497E+17,geo,geo,28,32
6.85497E+17,ville,ville,33,39
6.85497E+17,urbanisme,urbanisme,40,50
6.85497E+17,debry,Debry,63,69
6.85494E+17,socionoel,socionoel,61,71
6.85375E+17,ff,FF,0,3
6.85375E+17,socionoel,socionoel,33,43
6.85375E+17,ideelectures,idéelectures,58,71
6.84107E+17,socionoel,SocioNoel,14,24
6.84113E+17,socionoel,socionoel,53,63
6.81503E+17,socionoel,SocioNoel,0,10
6.81142E+17,socionoel,Socionoël,25,35
6.80857E+17,ايهاب_امير_يستحق_اللقب,ايهاب_امير_يستحق_اللقب,24,47
6.80857E+17,staracarabia,staracarabia,48,61
6.80857E+17,ihabamir,IhabAmir,63,72
6.80857E+17,ibtissamtiskat,IbtissamTiskat,73,88
6.80857E+17,maroc,Maroc,89,95
6.80857E+17,bonneannee2016,BonneAnnee2016,97,112
6.80857E+17,starwars,StarWars,114,123
6.80857E+17,socionoel,SocioNoel,125,135
6.80751E+17,socionoel,SocioNoel,43,53
6.77539E+17,socionoel,SocioNoel,0,10
6.77523E+17,socionoel,SocioNoel,0,10
6.77516E+17,socionoel,SocioNoel,3,13
6.775E+17,socionoel,SocioNoel,0,10
6.775E+17,day17,Day17,11,17
6.75445E+17,csoj,CSOJ,3,8
6.75445E+17,socionoel,SocioNoel,90,100
6.75445E+17,day11,day11,101,107
6.75433E+17,socionoel,SocioNoel,0,10
6.75366E+17,socionoel,SocioNoël,127,137
6.75362E+17,socionoel,SocioNoel,126,136
6.75358E+17,socionoel,SocioNoel,69,79
6.75356E+17,socionoel,SocioNoel,90,100
6.75349E+17,socionoel,SocioNoel,15,25
6.75349E+17,teampauvre,TeamPauvre,68,79
6.75348E+17,socionoel,SocioNoel,106,116
6.75349E+17,socionoel,SocioNoel,86,96
6.7534E+17,socionoel,SocioNoel,123,133
6.75332E+17,socionoel,SocioNoël,47,57
6.75331E+17,socionoel,SocioNoel,8,18
6.75325E+17,socionoel,SocioNoel,0,10
6.75325E+17,socionoel,SocioNoel,0,10
6.75321E+17,socionoel,SocioNoel,0,10
6.75321E+17,day11,Day11,11,17
6.75321E+17,socionoel,SocioNoël,10,20
6.75321E+17,dedicace,dédicace,43,52
6.75321E+17,durkheim,Durkheim,71,80
6.75321E+17,sociologie,Sociologie,81,92
6.75311E+17,socionoel,SocioNoel,0,10
6.75255E+17,socionoel,SocioNoel,0,10
6.75255E+17,bateson,Bateson,12,20
6.75069E+17,socionoel,Socionoel,72,82
6.75067E+17,socionoel,SocioNoël,37,47
6.75308E+17,socionoel,SocioNoel,0,10
6.75296E+17,socionoel,SocioNoël,109,119
6.75293E+17,socionoel,SocioNoel,0,10
6.75292E+17,socionoel,SocioNoel,0,10
6.75293E+17,socionoel,SocioNoel,0,10
6.75291E+17,socionoel,SocioNoel,102,112
6.75291E+17,mathieurigouste,MathieuRIGOUSTE,15,31
6.75291E+17,socionoel,SocioNoel,45,55
6.75279E+17,socionoel,SocioNoel,0,10
6.75279E+17,socialisation,socialisation,85,99
6.75278E+17,socionoel,SocioNoel,71,81
6.75271E+17,socionoel,SocioNoel,52,62
6.75271E+17,day11,Day11,63,69
6.75267E+17,socionoel,SocioNoel,98,108
6.75258E+17,socionoel,SocioNoël,11,21
6.75257E+17,socionoel,SocioNoel,17,27
6.75247E+17,socionoel,SocioNoel,105,115
6.75256E+17,ff,FF,0,3
6.75256E+17,socionoel,SocioNoel,96,106
6.75254E+17,socionoel,SocioNoel,0,10
6.75243E+17,socionoel,SocioNoel,79,89
6.75239E+17,socionoel,SocioNoel,0,10
6.75239E+17,siderations,Sidérations,67,79
6.75238E+17,socionoel,SocioNoel,0,10
6.75233E+17,socionoel,SocioNoel,24,34
6.75223E+17,socionoel,SocioNoel,0,10
6.75225E+17,socionoel,SocioNoel,54,64
6.75225E+17,socionoel,SocioNoel,0,10
6.75222E+17,socionoel,SocioNoel,45,55
6.75207E+17,vendredilecture,VendrediLecture,0,16
6.75207E+17,socionoel,SocioNoel,98,108
6.75198E+17,socionoel,SocioNoel,0,10
6.75096E+17,socionoel,SocioNoel,3,13
6.75074E+17,socionoel,SocioNoel,0,10
6.75073E+17,socionoel,SocioNoel,4,14
6.7507E+17,socionoel,SocioNoël,0,10
6.7506E+17,socionoel,SocioNoel,0,10
6.7506E+17,day10,Day10,11,17
6.75056E+17,socionoel,SocioNoel,33,43
6.75054E+17,socionoel,SocioNoel,59,69
6.75054E+17,socionoel,SocioNoel,103,113
6.75052E+17,socionoel,SocioNoel,83,93
6.75043E+17,socionoel,SocioNoel,4,14
6.75043E+17,lt,LT,0,3
6.75043E+17,socionoel,SocioNoel,10,20
6.75042E+17,socionoel,SocioNoel,10,20
6.75036E+17,socionoel,SocioNoel,105,115
6.75012E+17,socionoel,SocioNoel,0,10
6.74997E+17,socionoel,SocioNoel,0,10
6.74983E+17,socionoel,SocioNoel,53,63
6.74979E+17,sport,Sport,0,6
6.74979E+17,socionoel,SocioNoel,24,34
6.73844E+17,socionoel,SocioNoel,0,10
6.74957E+17,socionoel,SocioNoël,0,10
6.7494E+17,socionoel,SocioNoel,0,10
6.74936E+17,socionoel,SocioNoel,0,10
6.74936E+17,day10,Day10,11,17
6.74936E+17,socionoel,SocioNoel,0,10
6.74935E+17,socionoel,SocioNoel,0,10
6.74935E+17,socionoel,SocioNoel,0,10
6.74935E+17,day10,Day10,11,17
6.74935E+17,suaud,Suaud,56,62
6.74933E+17,socionoel,SocioNoel,104,114
6.74927E+17,socionoel,SocioNoel,67,77
6.74921E+17,socionoel,SocioNoel,22,32
6.74921E+17,day10,Day10,33,39
6.74918E+17,socionoel,SocioNoel,6,16
6.74912E+17,socionoel,SocioNoel,0,10
6.74907E+17,socionoel,SocioNoel,51,61
6.74903E+17,philonoel,PhiloNoel,33,43
6.74903E+17,philonoel,PhiloNoël,24,34
6.74904E+17,socionoel,SocioNoël,0,10
6.74903E+17,socionoel,SocioNoel,0,10
6.74903E+17,mustread,mustread,51,60
6.74903E+17,socionoel,SocioNoel,0,10
6.74903E+17,philonoel,PhiloNoel,32,42
6.74902E+17,socionoel,SocioNoel,0,10
6.74901E+17,socionoel,SocioNoel,80,90
6.749E+17,socionoel,SocioNoel,0,10
6.7462E+17,socionoel,SocioNoel,0,10
6.74556E+17,socionoel,SocioNoel,0,10
6.74547E+17,socionoel,SocioNoel,32,42
6.74547E+17,logique,logique,115,123
6.74525E+17,socionoel,SocioNoel,31,41
6.74492E+17,socionoel,SocioNoel,130,140
6.74317E+17,socionoel,SocioNoel,3,13
6.74246E+17,socionoel,SocioNoel,56,66
6.74246E+17,nouvelesprit,NouvelEsprit,67,80
6.74246E+17,classic,classic,81,89
6.749E+17,socionoel,SocioNoel,0,10
6.74899E+17,socionoel,SocioNoel,0,10
6.74899E+17,lt,LT,0,3
6.74899E+17,socionoel,SocioNoel,81,91
6.74896E+17,socionoel,SocioNoel,130,140
6.74893E+17,socionoel,SocioNoel,0,10
6.74886E+17,socionoel,SocioNoel,0,10
6.74887E+17,socionoel,SocioNoel,0,10
6.74885E+17,socionoel,SocioNoël,103,113
6.74879E+17,socionoel,SocioNoël,96,106
6.7487E+17,socionoel,SocioNoel,19,29
6.7487E+17,socionoel,SocioNoel,92,102
6.7487E+17,socionoel,SocioNoel,77,87
6.74868E+17,socionoel,SocioNoel,0,10
6.7486E+17,socionoel,SocioNoel,0,10
6.74835E+17,socionoel,SocioNoel,0,10
6.74835E+17,stereotypes,Stéréotypes,66,78
6.74835E+17,genre,Genre,79,85
6.74735E+17,socionoel,SocioNoel,0,10
6.7474E+17,socionoel,SocioNoel,0,10
6.74716E+17,socionoel,SocioNoel,45,55
6.74716E+17,j9,j9,56,59
6.74716E+17,socionoel,SocioNoel,118,128
6.74716E+17,journalism,journalism,129,140
6.74715E+17,socionoel,SocioNoel,48,58
6.74715E+17,socionoel,SocioNoel,0,10
6.74713E+17,socionoel,SocioNoel,0,10
6.74701E+17,socionoel,SocioNoel,23,33
6.74681E+17,socionoel,SocioNoel,95,105
6.7465E+17,socionoel,SocioNoel,3,13
6.74274E+17,socionoel,SocioNoel,3,13
6.74645E+17,socionoel,SocioNoel,19,29
6.74636E+17,socionoel,SocioNoel,90,100
6.74631E+17,socionoel,SocioNoel,0,10
6.74606E+17,socionoel,SocioNoël,8,18
6.74604E+17,socionoel,SocioNoel,0,10
6.74593E+17,fn,FN,57,60
6.74593E+17,socionoel,SocioNoel,66,76
6.74586E+17,socionoel,SocioNoel,0,10
6.74586E+17,day9,Day9,11,16
6.74586E+17,socionoel,SocioNoel,0,10
6.74587E+17,socionoel,SocioNoel,0,10
6.74587E+17,socionoel,SocioNoel,0,10
6.74588E+17,socionoel,SocioNoel,0,10
6.74577E+17,socionoel,SocioNoel,47,57
6.74518E+17,socionoel,SocioNoel,0,10
6.74518E+17,professionnalisation,professionnalisation,71,92
6.74518E+17,sport,sport,96,102
6.74518E+17,foot,foot,103,108
6.7457E+17,socionoel,SocioNoel,0,10
6.74572E+17,socionoel,SocioNoel,52,62
6.74572E+17,socionoel,Socionoel,0,10
6.74555E+17,socionoel,SocioNoel,0,10
6.74553E+17,socionoel,SocioNoel,0,10
6.74549E+17,socionoel,SocioNoel,0,10
6.74543E+17,socionoel,SocioNoel,0,10
6.74541E+17,socionoel,SocioNoel,0,10
6.74541E+17,capitalisme,capitalisme,46,58
6.74541E+17,patriarcat,patriarcat,60,71
6.74537E+17,socionoel,SocioNoel,36,46
6.74534E+17,socionoel,SocioNoel,5,15
6.74531E+17,socionoel,SocioNoel,17,27
6.74532E+17,socionoel,SocioNoel,89,99
6.74526E+17,socionoel,SocioNoel,91,101
6.7452E+17,socionoel,SocioNoel,0,10
6.74512E+17,socionoel,SocioNoel,91,101
6.74512E+17,day9,Day9,102,107
6.74509E+17,socionoel,SocioNoel,104,114
6.74509E+17,socionoel,SocioNoel,0,10
6.74505E+17,socionoel,SocioNoel,0,10
6.74491E+17,socionoel,SocioNoël,102,112
6.74491E+17,socionoel,SocioNoel,13,23
6.74483E+17,socionoel,SocioNoël,105,115
6.74338E+17,socionoel,SocioNoel,0,10
6.74331E+17,socionoel,SocioNoel,104,114
6.74322E+17,socionoel,SocioNoel,0,10
6.74316E+17,socionoel,SocioNoel,0,10
6.7431E+17,socionoel,SocioNoel,0,10
6.74309E+17,socionoel,SocioNoel,0,10
6.74305E+17,socionoel,SocioNoel,17,27
6.74296E+17,socionoel,SocioNoel,106,116
6.74293E+17,socionoel,SocioNoel,0,10
6.74292E+17,socionoel,SocioNoel,0,10
6.77393E+17,socionoel,SocioNoël,82,92
6.77382E+17,socionoel,SocioNoel,0,10
6.77276E+17,socionoel,SocioNoel,0,10
6.7727E+17,socionoel,SocioNoel,0,10
6.77217E+17,histonoel,HistoNoel,98,108
6.77217E+17,socionoel,SocioNoel,109,119
6.77264E+17,histonoel,HistoNoel,54,64
6.77264E+17,socionoel,SocioNoel,65,75
6.77264E+17,academic,academic,92,101
6.77264E+17,booksforchristmas,booksforchristmas,102,120
6.77239E+17,socionoel,SocioNoel,127,137
6.77239E+17,socionoel,SocioNoel,119,129
6.77236E+17,socionoel,SocioNoel,0,10
6.77234E+17,socionoel,SocioNoel,0,10
6.77221E+17,socionoel,SocioNoel,15,25
6.7721E+17,socionoel,SocioNoel,0,10
6.77211E+17,socionoel,SocioNoel,56,66
6.77208E+17,socionoel,SocioNoel,0,10
6.77207E+17,socionoel,SocioNoel,22,32
6.77189E+17,socionoel,SocioNoel,98,108
6.76824E+17,socionoel,SocioNoel,0,10
6.77184E+17,socionoel,SocioNoel,27,37
6.77181E+17,socionoel,SocioNoël,0,10
6.77179E+17,socionoel,SocioNoel,0,10
6.77155E+17,lecturesnoel,LecturesNoël,0,13
6.77155E+17,socionoel,SocioNoël,78,88
6.77155E+17,philonoel,PhiloNoël,89,99
6.77155E+17,histonoel,HistoNoël,100,110
6.77154E+17,socionoel,SocioNoel,80,90
6.77154E+17,transition,transition,104,115
6.77148E+17,socionoel,SocioNoel,78,88
6.77148E+17,philonoel,Philonoel,89,99
6.77148E+17,cop21,COP21,100,106
6.77148E+17,climat,climat,107,114
6.77131E+17,socionoel,SocioNoel,79,89
6.77129E+17,socionoel,SocioNoel,0,10
6.77129E+17,socionoel,SocioNoel,0,10
6.77127E+17,socionoel,SocioNoel,0,10
6.77119E+17,socionoel,SocioNoel,0,10
6.77119E+17,day16,Day16,11,17
6.77118E+17,socionoel,SocioNoel,80,90
6.77117E+17,socionoel,SocioNoel,92,102
6.77116E+17,socionoel,socionoel,123,133
6.77112E+17,socionoel,SocioNoël,96,106
6.77111E+17,socionoel,SocioNoel,109,119
6.77111E+17,socionoel,SocioNoel,73,83
6.77071E+17,socionoel,SocioNoël,0,10
6.7707E+17,socionoel,SocioNoel,116,126
6.7707E+17,day16,Day16,127,133
6.77059E+17,socionoel,SocioNoel,0,10
6.77053E+17,socionoel,SocioNoel,0,10
6.77052E+17,socionoel,SocioNoel,101,111
6.77034E+17,socionoel,SocioNoel,0,10
6.77034E+17,socionoel,SocioNoel,0,10
6.77034E+17,managers,managers,33,42
6.77034E+17,management,management,45,56
6.76847E+17,socionoel,SocioNoel,72,82
6.76826E+17,socionoel,SocioNoel,16,26
6.76825E+17,socionoel,SocioNoel,130,140
6.76824E+17,socionoel,SocioNoel,104,114
6.76824E+17,lt,LT,0,3
6.76824E+17,socionoel,SocioNoel,57,67
6.76821E+17,socionoel,SocioNoel,0,10
6.76818E+17,socionoel,SocioNoel,0,10
6.76818E+17,charlesgueboguo,CharlesGueboguo,32,48
6.76818E+17,patrickawondo,PatrickAwondo,52,66
6.76818E+17,homophobie,homophobie,81,92
6.76814E+17,socionoel,SocioNoel,6,16
6.76814E+17,musiquelatinenoel,MusiqueLatineNoel,27,45
6.76809E+17,socionoel,SocioNoel,0,10
6.76805E+17,socionoel,SocioNoel,106,116
6.76788E+17,socionoel,SocioNoel,0,10
6.76775E+17,socionoel,SocioNoel,0,10
6.76775E+17,day15,Day15,11,17
6.76775E+17,socionoel,SocioNoel,0,10
6.76769E+17,socionoel,SocioNoel,5,15
6.76767E+17,socionoel,SocioNoel,6,16
6.76757E+17,socionoel,SocioNoel,28,38
6.76756E+17,socionoel,SocioNoel,0,10
6.76756E+17,socionoel,SocioNoel,0,10
6.76754E+17,socionoel,SocioNoel,0,10
6.76753E+17,socionoel,SocioNoel,0,10
6.76751E+17,socionoel,SocioNoel,0,10
6.7672E+17,socionoel,SocioNoel,43,53
6.76743E+17,socionoel,SocioNoel,77,87
6.76727E+17,socionoel,SocioNoel,106,116
6.76725E+17,socionoel,socionoel,34,44
6.76714E+17,socionoel,SocioNoel,0,10
6.7671E+17,socionoel,SocioNoel,0,10
6.76706E+17,socionoel,SocioNoel,0,10
6.76699E+17,socionoel,SocioNoel,26,36
6.76683E+17,socionoel,SocioNoel,0,10
6.76676E+17,socionoel,SocioNoel,0,10
6.76654E+17,socionoel,SocioNoël,0,10
6.76391E+17,sociodessciences,sociodessciences,94,111
6.76641E+17,socionoel,SocioNoël,78,88
6.76641E+17,histoirerechcontemporaine,histoireRechContemporaine,113,139
6.76519E+17,socionoel,SocioNoel,0,10
6.76519E+17,day14,Day14,11,17
6.76518E+17,socionoel,SocioNoel,0,10
6.7651E+17,socionoel,SocioNoel,0,10
6.76505E+17,socionoel,SocioNoel,0,10
6.76505E+17,histoire,histoire,11,20
6.76479E+17,offrirlesport,offrirlesport,54,68
6.76488E+17,socionoel,SocioNoel,5,15
6.76488E+17,sportnoel,SportNoel,92,102
6.76464E+17,socionoel,socionoel,0,10
6.76459E+17,socionoel,SocioNoel,31,41
6.76459E+17,ladominationadulte,LaDominationAdulte,65,84
6.76441E+17,socionoel,SocioNoel,0,10
6.76442E+17,socionoel,SocioNoel,0,10
6.76439E+17,socionoel,SocioNoel,0,10
6.76439E+17,socionoel,SocioNoel,3,13
6.76439E+17,lechecul,Lèchecul,107,116
6.76439E+17,socionoel,SocioNoel,0,10
6.76438E+17,socionoel,SocioNoel,0,10
6.76416E+17,socionoel,SocioNoel,18,28
6.764E+17,socionoel,SocioNoel,0,10
6.764E+17,day14,Day14,11,17
6.764E+17,socionoel,SocioNoel,0,10
6.76398E+17,socionoel,SocioNoel,94,104
6.76398E+17,socionoel,SocioNoel,7,17
6.76395E+17,socionoel,SocioNoel,93,103
6.76386E+17,socionoel,SocioNoel,0,10
6.76386E+17,maboulasoumahoro,MaboulaSoumahoro,90,107
6.76386E+17,socionoel,SocioNoel,0,10
6.7637E+17,socionoel,SocioNoel,0,10
6.76363E+17,socionoel,SocioNoel,82,92
6.76362E+17,socionoel,SocioNoel,0,10
6.76355E+17,socionoel,SocioNoel,0,10
6.76346E+17,socionoel,SocioNoel,3,13
6.76346E+17,attentatsparis,AttentatsParis,97,112
6.76344E+17,socionoel,SocioNoel,0,10
6.76344E+17,day14,Day14,11,17
6.76336E+17,socionoel,SocioNoel,0,10
6.76331E+17,socionoel,SocioNoel,49,59
6.7633E+17,socionoel,SocioNoël,105,115
6.76323E+17,socionoel,SocioNoel,0,10
6.76323E+17,day14,Day14,11,17
6.76321E+17,socionoel,SocioNoel,0,10
6.76313E+17,socionoel,SocioNoel,29,39
6.76313E+17,socionoel,SocioNoel,32,42
6.76302E+17,socionoel,SocioNoel,105,115
6.7619E+17,socionoel,SocioNoel,3,13
6.76178E+17,socionoel,SocioNoel,0,10
6.76147E+17,socionoel,SocioNoel,0,10
6.76145E+17,socionoel,SocioNoel,0,10
6.76145E+17,day13,Day13,11,17
6.76145E+17,socionoel,SocioNoel,82,92
6.76098E+17,socionoel,SocioNoel,86,96
6.7608E+17,socionoel,SocioNoel,85,95
6.7606E+17,socionoel,SocioNoël,3,13
6.76055E+17,socionoel,SocioNoel,0,10
6.76055E+17,histonoel,HistoNoel,11,21
6.76052E+17,socionoel,SocioNoel,0,10
6.76048E+17,socionoel,SocioNoel,0,10
6.76022E+17,socionoel,SocioNoel,8,18
6.7602E+17,socionoel,SocioNoel,87,97
6.7602E+17,socionoel,SocioNoel,8,18
6.76019E+17,socionoel,SocioNoel,0,10
6.76017E+17,socionoel,SocioNoel,0,10
6.76013E+17,socionoel,SocioNoel,28,38
6.76013E+17,benedictanderson,BenedictAnderson,54,71
6.76002E+17,socionoel,SocioNoel,0,10
6.75991E+17,socionoel,SocioNoel,0,10
6.75987E+17,socionoel,SocioNoel,127,137
6.7598E+17,socionoel,SocioNoel,0,10
6.75979E+17,socionoel,SocioNoel,0,10
6.75977E+17,socionoel,SocioNoel,0,10
6.75972E+17,socionoel,SocioNoël,0,10
6.75967E+17,socionoel,SocioNoel,0,10
6.75967E+17,revolutionnaires,révolutionnaires,47,64
6.75967E+17,radicaux,radicaux,68,77
6.75967E+17,blackradical,Blackradical,87,100
6.75967E+17,blackmarxism,Blackmarxism,101,114
6.75798E+17,littenoel,littenoël,39,49
6.758E+17,socionoel,SocioNoel,60,70
6.75745E+17,enlarmes,ENLARMES,86,95
6.75748E+17,socionoel,socionoel,8,18
6.75737E+17,socionoel,SocioNoel,0,10
6.75735E+17,socionoel,SocioNoel,0,10
6.75718E+17,socionoel,SocioNoel,0,10
6.75707E+17,socionoel,SocioNoel,48,58
6.75702E+17,socionoel,SocioNoel,0,10
6.75702E+17,socionoel,SocioNoel,105,115
6.75697E+17,parisagreement,ParisAgreement,19,34
6.75697E+17,socionoel,SocioNoël,28,38
6.75691E+17,socionoel,SocioNoel,9,19
6.75688E+17,socionoel,SocioNoel,0,10
6.75688E+17,day12,Day12,11,17
6.75686E+17,socionoel,socionoel,0,10
6.75686E+17,socionoel,SocioNoel,0,10
6.75685E+17,socionoel,SocioNoel,55,65
6.75684E+17,socionoel,SocioNoel,82,92
6.75683E+17,socionoel,SocioNoel,0,10
6.75683E+17,day12,Day12,11,17
6.75682E+17,socionoel,SocioNoel,0,10
6.75682E+17,day11,day11,29,35
6.75682E+17,socionoel,SocioNoel,3,13
6.75681E+17,socionoel,SocioNoel,82,92
6.7568E+17,socionoel,SocioNoel,0,10
6.75662E+17,socionoel,SocioNoêl,92,102
6.75647E+17,socionoel,SocioNoel,0,10
6.75646E+17,socionoel,SocioNoel,97,107
6.75637E+17,socionoel,SocioNoel,0,10
6.75632E+17,socionoel,SocioNoel,4,14
6.75607E+17,socionoel,SocioNoel,100,110
6.75596E+17,socionoel,SocioNoel,41,51
6.75592E+17,socionoel,SocioNoel,0,10
6.75592E+17,weber,Weber,51,57
6.80694E+17,socionoel,SocioNoël,9,19
6.8056E+17,socionoel,SocioNoël,96,106
6.80349E+17,socionoel,SocioNoël,11,21
6.80514E+17,socionoel,SocioNoel,19,29
6.80505E+17,socionoel,SocioNoel,107,117
6.80511E+17,socionoel,SocioNoel,74,84
6.80411E+17,socionoel,SocioNoël,19,29
6.80388E+17,socionoel,SocioNoel,21,31
6.71826E+17,socionoel,SocioNoel,16,26
6.71827E+17,socionoel,SocioNoel,132,142
6.72155E+17,socionoel,SocioNoel,95,105
6.72512E+17,socionoel,SocioNoel,109,119
6.72875E+17,socionoel,SocioNoel,132,142
6.73217E+17,socionoel,SocioNoel,112,122
6.7358E+17,socionoel,SocioNoel,109,119
6.73971E+17,socionoel,SocioNoel,130,140
6.74294E+17,socionoel,SocioNoel,109,119
6.74685E+17,socionoel,SocioNoel,108,118
6.75049E+17,socionoel,SocioNoel,133,143
6.75405E+17,socionoel,SocioNoel,116,126
6.75761E+17,socionoel,SocioNoel,112,122
6.7613E+17,socionoel,SocioNoel,112,122
6.76505E+17,socionoel,SocioNoel,133,143
6.8013E+17,socionoel,SocioNoel,96,106
6.80131E+17,socionoel,SocioNoel,119,129
6.80132E+17,socionoel,SocioNoel,104,114
6.80134E+17,socionoel,SocioNoel,93,103
6.80136E+17,socionoel,SocioNoel,97,107
6.80137E+17,socionoel,SocioNoel,92,102
6.80139E+17,socionoel,SocioNoel,88,98
6.8014E+17,socionoel,SocioNoel,102,112
6.80142E+17,socionoel,SocioNoel,106,116
6.80143E+17,socionoel,SocioNoel,97,107
6.80144E+17,socionoel,SocioNoel,130,140
6.80121E+17,socionoel,SocioNoel,8,18
6.80121E+17,noel,Noel,32,37
6.80128E+17,socionoel,SocioNoel,93,103
6.80128E+17,passionhalbwachs,PassionHalbwachs,104,121
6.80079E+17,socionoel,SocioNoel,0,10
6.80076E+17,socionoel,SocioNoel,129,139
6.80074E+17,socionoel,SocioNoel,126,136
6.80073E+17,socionoel,SocioNoel,8,18
6.80073E+17,sociologie,sociologie,49,60
6.80037E+17,socionoel,socionoel,0,10
6.80001E+17,socionoel,SocioNoel,22,32
6.80025E+17,socionoel,SocioNoel,109,119
6.80021E+17,socionoel,SocioNoel,16,26
6.80013E+17,socionoel,SocioNoel,16,26
6.80011E+17,socionoel,SocioNoel,0,10
6.80011E+17,day24,Day24,11,17
6.80007E+17,socionoel,SocioNoel,49,59
6.8E+17,socionoel,SocioNoel,0,10
6.8E+17,day24,Day24,11,17
6.8E+17,vintage,vintage,18,26
6.79999E+17,socionoel,SocioNoel,8,18
6.79999E+17,double,double,22,29
6.79995E+17,socionoel,SocioNoël,0,10
6.7999E+17,socionoel,SocioNoel,11,21
6.7999E+17,lt,LT,0,3
6.7999E+17,socionoel,SocioNoel,111,121
6.79991E+17,lt,LT,0,3
6.79991E+17,socionoel,SocioNoel,105,115
6.79991E+17,lt,LT,0,3
6.79991E+17,socionoel,SocioNoel,75,85
6.79992E+17,lt,LT,0,3
6.79992E+17,socionoel,SocioNoel,106,116
6.79993E+17,lt,LT,0,3
6.79993E+17,socionoel,SocioNoel,113,123
6.79994E+17,lt,LT,0,3
6.79994E+17,socionoel,SocioNoel,105,115
6.79994E+17,lt,LT,0,3
6.79994E+17,socionoel,SocioNoel,93,103
6.79994E+17,lt,LT,0,3
6.79994E+17,socionoel,SocioNoel,75,85
6.79995E+17,lt,LT,0,3
6.79995E+17,socionoel,SocioNoel,71,81
6.79992E+17,socionoel,SocioNoël,93,103
6.79774E+17,socionoel,SocioNoel,34,44
6.79941E+17,socionoel,SocioNoel,25,35
6.79992E+17,socionoel,SocioNoel,16,26
6.79978E+17,socionoel,SocioNoël,51,61
6.79977E+17,socionoel,SocioNoel,0,10
6.71596E+17,socionoel,SocioNoël,0,10
6.7197E+17,socionoel,SocioNoël,0,10
6.72335E+17,socionoel,SocioNoël,0,10
6.72727E+17,socionoel,SocioNoël,0,10
6.73067E+17,socionoel,SocioNoël,0,10
6.73469E+17,socionoel,SocioNoël,0,10
6.7378E+17,socionoel,SocioNoël,0,10
6.74171E+17,socionoel,SocioNoël,0,10
6.7453E+17,socionoel,SocioNoël,0,10
6.74917E+17,socionoel,SocioNoël,0,10
6.75256E+17,socionoel,SocioNoël,0,10
6.75719E+17,socionoel,SocioNoël,0,10
6.76019E+17,socionoel,SocioNoël,0,10
6.76316E+17,socionoel,SocioNoël,0,10
6.76724E+17,socionoel,SocioNoël,0,10
6.77109E+17,socionoel,SocioNoël,0,10
6.7744E+17,socionoel,SocioNoël,0,10
6.77981E+17,socionoel,SocioNoël,14,24
6.78279E+17,socionoel,SocioNoël,0,10
6.78536E+17,socionoel,SocioNoël,0,10
6.78844E+17,socionoel,SocioNoël,0,10
6.7935E+17,socionoel,SocioNoël,0,10
6.79351E+17,socionoel,SocioNoël,0,10
6.79592E+17,socionoel,SocioNoël,0,10
6.79976E+17,socionoel,SocioNoël,0,10
6.79977E+17,socionoel,SocioNoël,61,71
6.79977E+17,socionoel,SocioNoël,0,10
6.79976E+17,socionoel,SocioNoel,5,15
6.79975E+17,socionoel,SocioNoel,8,18
6.79974E+17,socionoel,SocioNoel,20,30
6.7996E+17,socionoel,SocioNoel,0,10
6.79954E+17,socionoel,SocioNoel,0,10
6.79948E+17,socionoel,SocioNoel,3,13
6.79945E+17,socionoel,Socionoel,13,23
6.79943E+17,socionoel,SocioNoel,0,10
6.79943E+17,sociologie,sociologie,99,110
6.79927E+17,socionoel,SocioNoël,0,10
6.79927E+17,teaser,teaser,107,114
6.73125E+17,socionoel,SocioNoel,0,10
6.73119E+17,socionoel,SocioNoel,0,10
6.73109E+17,socionoel,SocioNoel,0,10
6.73104E+17,socionoel,SocioNoel,82,92
6.73104E+17,socionoel,SocioNoel,0,10
6.73078E+17,socionoel,SocioNoel,0,10
6.73075E+17,socionoel,Socionoel,0,10
6.73075E+17,antisexismepatriarcal,antisexismepatriarcal,111,133
6.73073E+17,socionoel,SocioNoel,0,10
6.73071E+17,socionoel,SocioNoel,0,10
6.73068E+17,socionoel,SocioNoel,77,87
6.73068E+17,socionoel,SocioNoel,18,28
6.73067E+17,socionoel,SocioNoel,106,116
6.73066E+17,socionoel,SocioNoel,0,10
6.73065E+17,socionoel,SocioNoël,106,116
6.73062E+17,socionoel,Socionoel,0,10
6.73048E+17,socionoel,SocioNoel,0,10
6.73047E+17,socionoel,SocioNoel,0,10
6.73024E+17,socionoel,SocioNoel,91,101
6.72904E+17,socionoel,SocioNoel,13,23
6.72898E+17,socionoel,SocioNoel,100,110
6.72891E+17,socionoel,SocioNoel,9,19
6.72826E+17,socionoel,SocioNoel,103,113
6.7288E+17,socionoel,SocioNoel,51,61
6.7288E+17,lt,LT,129,132
6.72875E+17,socionoel,SocioNoël,0,10
6.72855E+17,socionoel,SocioNoel,98,108
6.72836E+17,socionoel,SocioNoel,0,10
6.7284E+17,socionoel,SocioNoel,15,25
6.72822E+17,socionoel,SocioNoel,5,15
6.72823E+17,lt,LT,115,118
6.72823E+17,socionoel,SocioNoel,16,26
6.72816E+17,socionoel,SocioNoel,100,110
6.72814E+17,socionoel,SocioNoel,0,10
6.72812E+17,socionoel,SocioNoel,0,10
6.7281E+17,socionoel,SocioNoel,49,59
6.72806E+17,socionoel,SocioNoel,55,65
6.72803E+17,socionoel,SocioNoel,129,139
6.72799E+17,socionoel,SocioNoel,29,39
6.72799E+17,3ejour,3ejour,40,47
6.72793E+17,socionoel,SocioNoel,68,78
6.72793E+17,histonoel,HistoNoel,80,90
6.72793E+17,philonoel,PhiloNoel,98,108
6.72783E+17,ff,FF,0,3
6.72783E+17,socionoel,SocioNoel,28,38
6.72782E+17,socionoel,SocioNoel,18,28
6.72778E+17,socionoel,SocioNoel,67,77
6.72499E+17,lt,LT,0,3
6.72756E+17,socionoel,SocioNoel,0,10
6.72756E+17,socio,socio,65,71
6.72756E+17,shs,SHS,75,79
6.72753E+17,socionoel,SocioNoel,10,20
6.72727E+17,socionoel,SocioNoël,10,20
6.72708E+17,ff,FF,0,3
6.72708E+17,socionoel,SocioNoel,37,47
6.72703E+17,socionoel,SocioNoel,0,10
6.72706E+17,socionoel,SocioNoel,61,71
6.72694E+17,socionoel,SocioNoel,5,15
6.72673E+17,socionoel,SocioNoel,128,138
6.72665E+17,socionoel,socionoel,45,55
6.72441E+17,socionoel,SocioNoel,0,10
6.725E+17,lt,LT,0,3
6.725E+17,lt,LT,0,3
6.725E+17,lt,LT,0,3
6.725E+17,lt,LT,0,3
6.72501E+17,lt,LT,0,3
6.72501E+17,lt,LT,0,3
6.72501E+17,lt,LT,0,3
6.72502E+17,lt,LT,0,3
6.72502E+17,lt,LT,0,3
6.72502E+17,socionoel,SocioNoel,102,112
6.72777E+17,socionoel,SocioNoel,89,99
6.72763E+17,socionoel,SocioNoel,0,10
6.72763E+17,day4,Day4,11,16
6.72764E+17,socionoel,SocioNoel,0,10
6.72758E+17,socionoel,SocioNoel,0,10
6.72757E+17,socionoel,SocioNoel,0,10
6.72757E+17,day4,day4,11,16
6.72755E+17,socionoel,SocioNoel,0,10
6.72753E+17,socionoel,SocioNoel,33,43
6.72753E+17,histonoel,HistoNoel,59,69
6.72753E+17,socionoel,SocioNoel,0,10
6.72727E+17,socionoel,SocioNoel,0,10
6.72726E+17,socionoel,SocioNoel,0,10
6.72722E+17,socionoel,SocioNoël,0,10
6.72721E+17,socionoel,SocioNoel,5,15
6.72718E+17,socionoel,SocioNoel,103,113
6.72712E+17,socionoel,SocioNoel,0,10
6.72713E+17,socionoel,SocioNoel,0,10
6.72708E+17,socionoel,SocioNoel,0,10
6.72696E+17,socionoel,SocioNoel,7,17
6.72703E+17,socionoel,SocioNoel,76,86
6.72701E+17,socionoel,SocioNoel,0,10
6.72699E+17,socionoel,SocioNoel,0,10
6.72699E+17,day4,day4,11,16
6.72699E+17,fn,FN,63,66
6.72699E+17,socioponoel,SocioPoNoel,67,79
6.72697E+17,socionoel,SocioNoel,0,10
6.72697E+17,lt,LT,108,111
6.72697E+17,socionoel,SocioNoel,0,10
6.72695E+17,socionoel,SocioNoel,0,10
6.72689E+17,socionoel,SocioNoel,0,10
6.72688E+17,socionoel,SocioNoel,0,10
6.72687E+17,socionoel,SocioNoel,104,114
6.72687E+17,socionoel,SocioNoel,0,10
6.72687E+17,socionoel,SocioNoël,0,10
6.72684E+17,socionoel,socionoel,4,14
6.72684E+17,socionoel,SocioNoel,0,10
6.72682E+17,jour4,jour4,8,14
6.72682E+17,socionoel,SocioNoel,18,28
6.72682E+17,socionoel,SocioNoel,0,10
6.72681E+17,socionoel,SocioNoel,0,10
6.74286E+17,ehrenberg,ehrenberg,92,102
6.74286E+17,socionoel,SocioNoel,103,113
6.74285E+17,socionoel,SocioNoel,0,10
6.74277E+17,socionoel,SocioNoel,0,10
6.74277E+17,day8,Day8,11,16
6.74277E+17,socionoelalinternational,SocioNoelAlinternational,66,91
6.74266E+17,socionoel,SocioNoel,102,112
6.74254E+17,socionoel,SocioNoel,0,10
6.74243E+17,socionoel,SocioNoel,0,10
6.73473E+17,socionoel,SocioNoel,0,10
6.74238E+17,socionoel,SocioNoel,17,27
6.7424E+17,socionoel,SocioNoël,55,65
6.74236E+17,socionoel,SocioNoël,130,140
6.74235E+17,socionoel,SocioNoel,0,10
6.74235E+17,day8,Day8,11,16
6.74236E+17,socionoel,SocioNoel,0,10
6.74236E+17,socionoel,SocioNoel,0,10
6.74236E+17,socionoel,SocioNoel,96,106
6.74235E+17,socionoel,SocioNoel,40,50
6.74235E+17,classic,classic,52,60
6.74222E+17,socionoel,SocioNoel,123,133
6.74221E+17,socionoel,SocioNoel,127,137
6.74217E+17,soro,Soro,67,72
6.74217E+17,sondage,sondage,73,81
6.74217E+17,solutionscop21,SolutionsCOP21,82,97
6.74217E+17,socionoel,SocioNoel,98,108
6.74217E+17,soudandusud,SoudanduSud,109,121
6.74217E+17,southpark,SouthPark,122,132
6.74217E+17,sorogate,SoroGATE,133,142
6.74206E+17,socionoel,SocioNoel,0,10
6.74206E+17,digitallabor,digitallabor,92,105
6.74197E+17,philonoel,PhiloNoel,0,10
6.74197E+17,socionoel,SocioNoel,0,10
6.74193E+17,socionoel,SocioNoel,0,10
6.74193E+17,socionoel,SocioNoel,15,25
6.7419E+17,socionoel,SocioNoel,0,10
6.7418E+17,socionoel,SocioNoel,0,10
6.74179E+17,algerie,Algerie,51,59
6.74179E+17,socionoel,SocioNoel,60,70
6.74179E+17,loveyourself,LoveYourself,71,84
6.74179E+17,londonbridge,LondonBridge,85,98
6.74179E+17,bigstarentertainmentaward,BigStarEntertainmentAward,99,125
6.74179E+17,mtvstars,MTVStars,126,135
6.74178E+17,socionoel,SocioNoel,95,105
6.74177E+17,racisme,racisme,22,30
6.74177E+17,sexisme,sexisme,31,39
6.74177E+17,fn,FN,50,53
6.74177E+17,racismestructurel,racismestructurel,68,86
6.74177E+17,socionoel,SocioNoel,100,110
6.74177E+17,blanchite,blanchite,122,132
6.74175E+17,socionoel,SocioNoel,89,99
6.74169E+17,socionoel,SocioNoel,4,14
6.74169E+17,liberacisme,Libéracisme,52,64
6.74167E+17,socionoel,SocioNoel,18,28
6.74161E+17,anthropo,anthropo,105,114
6.74161E+17,socionoel,SocioNoel,115,125
6.74156E+17,socionoel,SocioNoël,120,130
6.74154E+17,socionoel,SocioNoel,0,10
6.74153E+17,socionoel,SocioNoël,0,10
6.74149E+17,socionoel,SocioNoël,27,37
6.74147E+17,socionoel,SocioNoël,106,116
6.74145E+17,socionoel,SocioNoel,0,10
6.74142E+17,socionoel,SocioNoel,0,10
6.74135E+17,socionoel,SocioNoel,95,105
6.74128E+17,socionoel,SocioNoel,0,10
6.74121E+17,socionoel,SocioNoel,0,10
6.74121E+17,associatif,associatif,63,74
6.74111E+17,socionoel,SocioNoel,0,10
6.73981E+17,socionoel,SocioNoel,0,10
6.73982E+17,socionoel,SocioNoel,0,10
6.73968E+17,socionoel,SocioNoel,0,10
6.73968E+17,sociologie,sociologie,28,39
6.73965E+17,socionoel,socioNoel,128,138
6.73963E+17,econoel,EcoNoel,0,8
6.73963E+17,socionoel,SocioNoel,22,32
6.73962E+17,socionoel,SocioNoel,3,13
6.73959E+17,socionoel,SocioNoel,9,19
6.73955E+17,socionoel,SocioNoel,77,87
6.73948E+17,socionoel,SocioNoel,8,18
6.73938E+17,socionoel,SocioNoel,0,10
6.73928E+17,socionoel,SocioNoel,48,58
6.73921E+17,socionoel,SocioNoel,0,10
6.73917E+17,socionoel,SocioNoel,3,13
6.73917E+17,socionoel,SocioNoel,0,10
6.73914E+17,socionoel,SocioNoel,15,25
6.73911E+17,socionoel,SocioNoel,0,10
6.73897E+17,socionoel,SocioNoel,0,10
6.73895E+17,socionoel,SocioNoel,0,10
6.73891E+17,socionoel,SocioNoel,0,10
6.7389E+17,socionoel,SocioNoel,24,34
6.73889E+17,socionoel,SocioNoël,0,10
6.73765E+17,socionoel,SocioNoel,8,18
6.73601E+17,socionoel,SocioNoel,124,134
6.7359E+17,socionoel,SocioNoel,43,53
6.73569E+17,socionoel,SocioNoel,0,10
6.73558E+17,socionoel,SocioNoël,27,37
6.73886E+17,socionoel,SocioNoel,30,40
6.73873E+17,socionoel,SocioNoel,0,10
6.7387E+17,socionoel,SocioNoel,0,10
6.7387E+17,day7,Day7,11,16
6.7387E+17,socionoel,SocioNoel,0,10
6.73865E+17,socionoel,SocioNoel,0,10
6.73865E+17,day7,Day7,11,16
6.73856E+17,socionoel,SocioNoel,20,30
6.73855E+17,socionoel,SocioNoel,17,27
6.73845E+17,socionoel,SocioNoel,61,71
6.7384E+17,socionoel,SocioNoel,0,10
6.7384E+17,fn,FN,19,22
6.7384E+17,racisme,racisme,70,78
6.73824E+17,socionoel,SocioNoel,71,81
6.73821E+17,socionoel,SocioNoël,0,10
6.7382E+17,socionoel,SocioNoel,0,10
6.7382E+17,socio,socio,21,27
6.73808E+17,socionoel,SocioNoel,105,115
6.73805E+17,socionoel,SocioNoel,0,10
6.73805E+17,day7,Day7,19,24
6.73805E+17,histoirenoel,HistoireNoel,44,57
6.738E+17,socionoel,SocioNoel,102,112
6.73799E+17,socionoel,SocioNoel,5,15
6.73799E+17,quijanoanibal,QUIJANOANIBAL,24,38
6.73799E+17,colonialitedupouvoir,colonialitédupouvoir,45,66
6.73799E+17,socionoel,SocioNoel,0,10
6.73799E+17,socionoel,SocioNoel,0,10
6.73799E+17,fanon,FANON,59,65
6.73799E+17,socionoel,SocioNoel,0,10
6.73796E+17,socionoel,SocioNoël,62,72
6.73795E+17,socionoel,SocioNoel,0,10
6.73794E+17,socionoel,SocioNoel,0,10
6.73793E+17,socionoel,SocioNoël,106,116
6.73791E+17,socionoel,SocioNoel,3,13
6.73779E+17,socionoel,SocioNoel,0,10
6.73626E+17,socionoel,SocioNoël,105,115
6.73611E+17,socionoel,SocioNoel,0,10
6.73611E+17,day6,Day6,11,16
6.73611E+17,fanculo,Fanculo,62,70
6.73611E+17,trishtezza,Trishtezza,71,82
6.73579E+17,socionoel,SocioNoel,0,10
6.73576E+17,socionoel,SocioNoel,94,104
6.73574E+17,socionoel,SocioNoel,121,131
6.7356E+17,socionoel,SocioNoel,0,10
6.73548E+17,socionoel,SocioNoel,0,10
6.73549E+17,socionoel,SocioNoel,0,10
6.7355E+17,socionoel,SocioNoel,0,10
6.73543E+17,socionoel,SocioNoel,68,78
6.73542E+17,socionoel,SocioNoel,0,10
6.73542E+17,socionoel,SocioNoel,126,136
6.73534E+17,socionoel,SocioNoel,9,19
6.73529E+17,socionoel,SocioNoel,0,10
6.73529E+17,day6,day6,11,16
6.73524E+17,socionoel,SocioNoel,105,115
6.73515E+17,socionoel,SocioNoel,0,10
6.73506E+17,socionoel,SocioNoel,0,10
6.7273E+17,socionoel,SocioNoel,32,42
6.7273E+17,histonoel,HistoNoel,65,75
6.73502E+17,philonoel,PhiloNoël,34,44
6.73504E+17,socionoel,SocioNoel,53,63
6.73501E+17,socionoel,SocioNoel,21,31
6.73498E+17,socionoel,SocioNoel,0,10
6.73498E+17,day6,Day6,11,16
6.73499E+17,socionoel,SocioNoel,0,10
6.73493E+17,socionoel,SocioNoel,0,10
6.73475E+17,socionoel,SocioNoel,0,10
6.73475E+17,regionales2015,Regionales2015,11,26
6.73475E+17,socionoel,SocioNoel,0,10
6.73475E+17,regionales2015,Regionales2015,11,26
6.73467E+17,socionoel,SocioNoel,0,10
6.73464E+17,socionoel,SocioNoel,19,29
6.73464E+17,socionoel,SocioNoel,129,139
6.73462E+17,socionoel,SocioNoel,82,92
6.73459E+17,socionoel,SocioNoel,103,113
6.73459E+17,socionoel,SocioNoel,0,10
6.73453E+17,socionoel,SocioNoel,0,10
6.73444E+17,socionoel,SocioNoel,88,98
6.73439E+17,socionoel,SocioNoel,0,10
6.73439E+17,socionoel,SocioNoel,0,10
6.73429E+17,socionoel,SocioNoël,105,115
6.73426E+17,socionoel,SocioNoel,40,50
6.73422E+17,socionoel,SocioNoel,88,98
6.73422E+17,avote,AVote,99,105
6.73418E+17,socionoel,SocioNoel,0,10
6.73418E+17,sport,sport,35,41
6.73418E+17,rh,RH,42,45
6.73413E+17,socionoel,SocioNoel,116,126
6.73231E+17,philonoel,PhiloNoel,40,50
6.73187E+17,bruxelles,Bruxelles,64,74
6.73187E+17,socionoel,SocioNoel,124,134
6.73188E+17,socionoel,SocioNoel,75,85
6.73179E+17,socionoel,SocioNoel,0,10
6.73181E+17,socionoel,SocioNoel,39,49
6.73178E+17,socionoel,SocioNoel,14,24
6.73132E+17,socionoel,SocioNoel,32,42
6.7312E+17,socionoel,SocioNoel,0,10
6.73104E+17,socionoel,SocioNoel,29,39
6.73077E+17,socionoel,SocioNoel,54,64
6.73069E+17,socionoel,SocioNoel,28,38
6.72903E+17,socionoel,SocioNoel,42,52
6.72817E+17,socionoel,SocioNoel,0,10
6.72817E+17,socionoel,SocioNoël,81,91
6.72817E+17,ff,FF,93,96
6.72803E+17,scponoel,ScPoNoël,13,22
6.72803E+17,socionoel,SocioNoel,83,93
6.72799E+17,socionoel,SocioNoel,0,10
6.73405E+17,socionoel,SocioNoel,0,10
6.73278E+17,socionoel,SocioNoël,0,10
6.73262E+17,socionoel,SocioNoel,0,10
6.73231E+17,socionoel,SocioNoel,7,17
6.73226E+17,socionoel,SocioNoel,0,10
6.73205E+17,socionoel,SocioNoel,0,10
6.73198E+17,socionoel,SocioNoel,0,10
6.73198E+17,jour5,Jour5,11,17
6.73197E+17,socionoel,SocioNoel,104,114
6.73192E+17,socionoel,SocioNoël,0,10
6.73187E+17,socionoel,SocioNoel,21,31
6.73192E+17,socionoel,SocioNoel,71,81
6.73187E+17,socionoel,SocioNoel,0,10
6.73187E+17,day5,day5,11,16
6.73187E+17,autresuperieur,autresuperieur,62,77
6.73185E+17,socionoel,SocioNoel,10,20
6.73186E+17,socionoel,SocioNoel,10,20
6.73186E+17,socionoel,SocioNoel,10,20
6.73179E+17,socionoel,SocioNoel,0,10
6.73177E+17,socionoel,SocioNoel,0,10
6.73139E+17,socionoel,SocioNoel,96,106
6.73162E+17,socionoel,SocioNoel,38,48
6.73157E+17,socionoel,SocioNoel,0,10
6.73133E+17,socionoel,SocioNoel,0,10
6.73126E+17,socionoel,SocioNoel,0,10
6.79831E+17,socionoel,SocioNoel,17,27
6.7983E+17,socionoel,SocioNoel,0,10
6.79793E+17,socionoel,SocioNoel,0,10
6.79793E+17,day23,Day23,11,17
6.79778E+17,socionoel,SocioNoël,84,94
6.79739E+17,socionoel,SocioNoel,0,10
6.79754E+17,socionoel,SocioNoël,15,25
6.7975E+17,socionoel,SocioNoel,0,10
6.79748E+17,socionoel,SocioNoel,79,89
6.79748E+17,lecturedumoment,lecturedumoment,90,106
6.79718E+17,socionoel,SocioNoel,0,10
6.79719E+17,socionoel,SocioNoel,0,10
6.79705E+17,socionoel,SocioNoel,105,115
6.79681E+17,socionoel,SocioNoel,14,24
6.79674E+17,socionoel,SocioNoel,0,10
6.79674E+17,guatananosurseine,guatananosurseine,15,33
6.78972E+17,genre,genre,95,101
6.79646E+17,socionoel,SocioNoel,9,19
6.7962E+17,socionoel,SocioNoel,0,10
6.79351E+17,bourdieu,Bourdieu,7,16
6.79351E+17,sociologie,sociologie,29,40
6.79351E+17,inedits,inédits,94,102
6.79351E+17,collegedefrance,CollegedeFrance,103,119
6.79606E+17,bourdieu,Bourdieu,20,29
6.79606E+17,collegedefrance,CollegedeFrance,33,49
6.79606E+17,socionoel,SocioNoel,52,62
6.79606E+17,socionoel,SocioNoel,0,10
6.79605E+17,socionoel,SocioNoel,0,10
6.79604E+17,socionoel,SocioNoel,38,48
6.796E+17,lt,LT,17,20
6.796E+17,socionoel,SocioNoel,22,32
6.79597E+17,socionoel,SocioNoel,0,10
6.79597E+17,managers,managers,61,70
6.79597E+17,management,Management,101,112
6.79594E+17,socionoel,SocioNoel,0,10
6.79576E+17,socionoel,SocioNoel,0,10
6.79576E+17,socionoel,SocioNoel,0,10
6.79566E+17,socionoel,SocioNoel,0,10
6.79566E+17,day22,Day22,11,17
6.79413E+17,socionoel,SocioNoel,0,10
6.79411E+17,socionoel,SocioNoel,19,29
6.79409E+17,socionoel,SocioNoel,0,10
6.79356E+17,socionoel,SocioNoël,77,87
6.79355E+17,socionoel,SocioNoel,0,10
6.79354E+17,socionoel,SocioNoel,0,10
6.79354E+17,socionoel,SocioNoel,0,10
6.79355E+17,socionoel,SocioNoel,0,10
6.79351E+17,socionoel,SocioNoel,0,10
6.79336E+17,socionoel,SocioNoel,0,10
6.79336E+17,socionoel,SocioNoel,8,18
6.79332E+17,socionoel,SocioNoel,47,57
6.79327E+17,mardiconseil,mardiconseil,24,37
6.79327E+17,socionoel,socionoel,38,48
6.79296E+17,socionoel,SocioNoel,0,10
6.79278E+17,socionoel,SocioNoel,0,10
6.79278E+17,day22,Day22,11,17
6.79269E+17,socionoel,SocioNoel,0,10
6.79269E+17,day22,Day22,11,17
6.79241E+17,socionoel,SocioNoel,0,10
6.7924E+17,socionoel,SocioNoel,11,21
6.79239E+17,socionoel,SocioNoël,82,92
6.79228E+17,socionoel,SocioNoel,0,10
6.79228E+17,relationsinternationales,RelationsInternationales,58,83
6.79228E+17,sciencepolitique,sciencepolitique,85,102
6.79226E+17,socionoel,SocioNoel,0,10
6.79226E+17,socionoel,SocioNoel,0,10
6.79226E+17,socionoel,SocioNoel,0,10
6.79225E+17,socionoel,SocioNoel,0,10
6.79225E+17,lt,LT,118,121
6.79225E+17,socionoel,SocioNoel,122,132
6.79224E+17,socionoel,SocioNoel,0,10
6.7922E+17,socionoel,SocioNoël,36,46
6.79218E+17,socionoel,SocioNoel,0,10
6.79218E+17,management,management,37,48
6.79188E+17,socionoel,SocioNoel,0,10
6.79166E+17,socionoel,SocioNoel,33,43
6.79086E+17,socionoel,SocioNoel,0,10
6.79086E+17,socionoel,SocioNoel,0,10
6.79061E+17,socionoel,SocioNoel,0,10
6.79038E+17,socionoel,SocioNoel,0,10
6.79024E+17,socionoel,SocioNoel,112,122
6.79021E+17,socionoel,SocioNoël,6,16
6.7902E+17,socionoel,SocioNoel,128,138
6.79021E+17,socionoel,SocioNoel,105,115
6.78984E+17,socionoel,SocioNoel,94,104
6.78975E+17,socionoel,SocioNoel,43,53
6.78963E+17,tapie,Tapie,8,14
6.78963E+17,berlusconi,Berlusconi,19,30
6.78963E+17,actualite,actualité,64,74
6.78963E+17,socionoel,SocioNoel,101,111
6.78957E+17,socionoel,SocioNoel,0,10
6.78906E+17,socionoel,SocioNoel,0,10
6.78903E+17,socionoel,SocioNoel,0,10
6.78903E+17,anderson,Anderson,32,41
6.78901E+17,socionoel,SocioNoel,0,10
6.789E+17,socionoel,SocioNoel,46,56
6.78895E+17,socionoel,SocioNoel,10,20
6.78894E+17,socionoel,SocioNoel,0,10
6.78894E+17,elias,Elias,95,101
6.78893E+17,socionoel,SocioNoel,0,10
6.78892E+17,socionoel,SocioNoel,101,111
6.78879E+17,socionoel,SocioNoel,88,98
6.78879E+17,philonoel,PhiloNoel,99,109
6.78876E+17,pragmatisme,pragmatisme,64,76
6.78876E+17,critique,critique,77,86
6.78876E+17,socionoel,SocioNoel,87,97
6.78876E+17,philonoel,PhiloNoel,98,108
6.78859E+17,lt,LT,121,124
6.78859E+17,socionoel,SocioNoel,125,135
6.78859E+17,socionoel,SocioNoel,0,10
6.7885E+17,socionoel,SocioNoel,9,19
6.78851E+17,socionoel,SocioNoel,17,27
6.78852E+17,socionoel,SocioNoel,17,27
6.78849E+17,socionoel,SocioNoel,0,10
6.78849E+17,rh,RH,40,43
6.78849E+17,management,Management,54,65
6.78718E+17,socionoel,SocioNoel,0,10
6.78718E+17,socionoel,SocioNoel,0,10
6.7869E+17,socionoel,SocioNoel,6,16
6.78691E+17,socionoel,SocioNoel,0,10
6.78691E+17,socionoel,SocioNoel,0,10
6.78684E+17,socionoel,SocioNoel,0,10
6.78684E+17,day19,Day19,11,17
6.78682E+17,socionoel,SocioNoel,0,10
6.78682E+17,day20,Day20,11,17
6.78663E+17,socionoel,SocioNoël,0,10
6.78659E+17,socionoel,SocioNoël,106,116
6.78641E+17,socionoel,SocioNoel,129,139
6.78637E+17,socionoel,SocioNoel,0,10
6.78626E+17,socionoel,SocioNoel,0,10
6.786E+17,socionoel,SocioNoël,74,84
6.78592E+17,socionoel,SocioNoel,0,10
6.78592E+17,histonoel,HistoNoel,11,21
6.78585E+17,socionoel,SocioNoel,0,10
6.78583E+17,socionoel,SocioNoel,0,10
6.78583E+17,day20,Day20,11,17
6.78571E+17,socionoel,SocioNoel,55,65
6.78567E+17,socionoel,SocioNoël,0,10
6.78567E+17,econoel,EcoNoël,13,21
6.78562E+17,socionoel,SocioNoel,17,27
6.78535E+17,socionoel,SocioNoel,21,31
6.78532E+17,socionoel,SocioNoel,0,10
6.78531E+17,socionoel,SocioNoel,0,10
6.78531E+17,management,management,48,59
6.78517E+17,socionoel,SocioNoel,14,24
6.78517E+17,socionoel,SocioNoel,0,10
6.78488E+17,socionoel,SocioNoel,0,10
6.78487E+17,socionoel,SocioNoel,0,10
6.78942E+17,socionoel,SocioNoel,0,10
6.78942E+17,day21,Day21,11,17
6.78932E+17,socionoel,SocioNoel,0,10
6.78881E+17,podemos,Podemos,3,11
6.78908E+17,socionoel,SocioNoel,32,42
6.78315E+17,socionoel,SocioNoel,0,10
6.78315E+17,science,science,29,37
6.78315E+17,sociologie,sociologie,67,78
6.78285E+17,socionoel,SocioNoel,102,112
6.78271E+17,socionoel,SocioNoel,18,28
6.78267E+17,socionoel,SocioNoel,0,10
6.78267E+17,gender,gender,103,110
6.78259E+17,socionoel,SocioNoel,89,99
6.78249E+17,socionoel,SocioNoel,0,10
6.78248E+17,socionoel,SocioNoel,0,10
6.7824E+17,socionoel,SocioNoel,28,38
6.78231E+17,socionoel,SocioNoel,51,61
6.7823E+17,socionoel,SocioNoel,0,10
6.78206E+17,socionoel,SocioNoel,0,10
6.78206E+17,day19,Day19,11,17
6.78186E+17,socionoel,Socionoel,0,10
6.7818E+17,socionoel,SocioNoel,0,10
6.7817E+17,socionoel,SocioNoel,99,109
6.78158E+17,socionoel,SocioNoel,31,41
6.78148E+17,socionoel,SocioNoel,15,25
6.78136E+17,socionoel,SocioNoel,34,44
6.78131E+17,socionoel,SocioNoel,0,10
6.78129E+17,socionoel,SocioNoel,0,10
6.78102E+17,socionoel,SocioNoel,0,10
6.78102E+17,sociologie,sociologie,52,63
6.78102E+17,entreprise,entreprise,67,78
6.78102E+17,management,Management,80,91
6.77945E+17,socionoel,SocioNoêl,103,113
6.77907E+17,socionoel,SocioNoel,0,10
6.77905E+17,socionoel,SocioNoel,0,10
6.77903E+17,socionoel,SocioNoel,4,14
6.77903E+17,management,management,64,75
6.7789E+17,socionoel,SocioNoel,0,10
6.7789E+17,day18,Day18,11,17
6.77891E+17,socionoel,SocioNoel,0,10
6.77891E+17,day18,Day18,11,17
6.77889E+17,socionoel,SocioNoel,50,60
6.77885E+17,socionoel,SocioNoel,0,10
6.77885E+17,anthropologie,Anthropologie,70,84
6.77877E+17,socionoel,SocioNoel,80,90
6.77867E+17,socionoel,SocioNoël,0,10
6.77858E+17,socionoel,SocioNoel,3,13
6.77856E+17,socionoel,SocioNoel,20,30
6.77849E+17,socionoel,SocioNoël,70,80
6.77773E+17,migrants,migrants,77,86
6.77845E+17,socionoel,SocioNoel,35,45
6.77822E+17,socionoel,SocioNoël,0,10
6.77816E+17,enquete,enquête,22,30
6.77816E+17,sociologique,sociologique,31,44
6.77816E+17,socionoel,socionoël,104,114
6.77815E+17,socionoel,SocioNoel,0,10
6.7781E+17,socionoel,SocioNoel,0,10
6.77809E+17,socionoel,SocioNoel,0,10
6.77803E+17,socionoel,SocioNoel,17,27
6.77803E+17,sociologie,Sociologie,32,43
6.77803E+17,inspiration,inspiration,90,102
6.77798E+17,socionoel,SocioNoel,0,10
6.77781E+17,socionoel,SocioNoel,0,10
6.77781E+17,management,Management,64,75
6.77781E+17,socionoel,SocioNoel,0,10
6.77773E+17,socionoel,SocioNoel,0,10
6.77771E+17,socionoel,SocioNoel,105,115
6.77766E+17,socionoel,SocioNoel,99,109
6.77519E+17,socionoel,SocioNoel,53,63
6.77519E+17,sciencepolitique,sciencepolitique,88,105
6.77519E+17,mustread,MustRead,108,117
6.77734E+17,socionoel,SocioNoel,50,60
6.77623E+17,socionoel,SocioNoel,0,10
6.77623E+17,day17,Day17,11,17
6.77606E+17,socionoel,SocioNoel,0,10
6.77586E+17,socionoel,SocioNoel,49,59
6.77582E+17,socionoel,SocioNoel,134,144
6.7758E+17,socionoel,SocioNoel,101,111
6.77542E+17,socionoel,SocioNoel,0,10
6.77541E+17,socionoel,SocioNoel,36,46
6.72681E+17,doubleconscience,doubleconscience,79,96
6.72681E+17,socionoel,SocioNoel,0,10
6.72678E+17,socionoel,SocioNoel,11,21
6.72667E+17,socionoel,SocioNoel,0,10
6.72659E+17,socionoel,SocioNoel,48,58
6.72563E+17,socionoel,SocioNoel,0,10
6.7254E+17,socionoel,SocioNoel,79,89
6.72527E+17,socionoel,SocioNoel,81,91
6.72522E+17,socionoel,SocioNoel,0,10
6.72522E+17,j3,J3,11,14
6.72522E+17,vih,VIH,105,109
6.72425E+17,socionoel,SocioNoel,0,10
6.72493E+17,socionoel,SocioNoel,15,25
6.72491E+17,socionoel,SocioNoel,129,139
6.72479E+17,socionoel,SocioNoel,0,10
6.72471E+17,socionoel,SocioNoel,0,10
6.72466E+17,socionoel,SocioNoël,0,10
6.72465E+17,socionoel,SocioNoel,0,10
6.72462E+17,socionoel,SocioNoel,12,22
6.72459E+17,socionoel,SocioNoël,83,93
6.72452E+17,socionoel,SocioNoël,0,10
6.72438E+17,socionoel,SocioNoel,74,84
6.72436E+17,socionoel,SocioNoel,18,28
6.72436E+17,help,Help,117,122
6.72436E+17,tia,TIA,123,127
6.72436E+17,socionoel,SocioNoel,0,10
6.72434E+17,socionoel,SocioNoel,11,21
6.72429E+17,socionoel,SocioNoel,124,134
6.72425E+17,socionoel,SocioNoel,96,106
6.72424E+17,socionoel,SocioNoel,79,89
6.72424E+17,cafaitplaisir,çafaitplaisir,90,104
6.72422E+17,socionoel,SocioNoël,27,37
6.72422E+17,ethnonoel,EthnoNoël,59,69
6.7242E+17,socionoel,SocioNoel,0,10
6.7242E+17,day3,Day3,11,16
6.7242E+17,socionoel,SocioNoel,0,10
6.7242E+17,socionoel,SocioNoel,0,10
6.72421E+17,socionoel,SocioNoel,0,10
6.72421E+17,socionoel,SocioNoel,0,10
6.7241E+17,socionoel,SocioNoel,5,15
6.72421E+17,socionoel,SocioNoel,0,10
6.72421E+17,socionoel,SocioNoel,0,10
6.72422E+17,socionoel,SocioNoel,0,10
6.72422E+17,socionoel,SocioNoel,0,10
6.72413E+17,socionoel,SocioNoel,0,10
6.7241E+17,socionoel,SocioNoel,0,10
6.72408E+17,socionoel,SocioNoel,0,10
6.72404E+17,socionoel,SocioNoel,18,28
6.72385E+17,socionoel,SocioNoel,0,10
6.72383E+17,socionoel,SocioNoel,106,116
6.72375E+17,socionoel,SocioNoël,58,68
6.72333E+17,socionoel,SocioNoel,88,98
6.72371E+17,socionoel,SocioNoel,57,67
6.72365E+17,socionoel,SocioNoel,5,15
6.72365E+17,socionoel,SocioNoel,0,10
6.72364E+17,socionoel,SocioNoel,2,12
6.72364E+17,bouamama,BOUAMAMA,42,51
6.72363E+17,socionoel,SocioNoel,0,10
6.72361E+17,socionoel,SocioNoel,0,10
6.72361E+17,day3,Day3,11,16
6.72356E+17,socionoel,SocioNoel,16,26
6.72361E+17,socionoel,SocioNoel,97,107
6.72358E+17,socionoel,SocioNoel,59,69
6.72358E+17,histoiredelartnoel,HistoiredelartNoel,74,93
6.7236E+17,socionoel,SocioNoel,106,116
6.7236E+17,socionoel,SocioNoel,61,71
6.7236E+17,socionoel,SocioNoel,114,124
6.72359E+17,socionoel,SocioNoel,99,109
6.72359E+17,socionoel,SocioNoël,54,64
6.72355E+17,socionoel,SocioNoel,0,10
6.72357E+17,lt,LT,0,3
6.72357E+17,socionoel,SocioNoel,4,14
6.72357E+17,lt,LT,0,3
6.72357E+17,socionoel,SocioNoel,4,14
6.72358E+17,lt,LT,0,3
6.72358E+17,socionoel,SocioNoel,4,14
6.72358E+17,socionoel,SocioNoël,81,91
6.72356E+17,socionoel,SocioNoel,0,10
6.72355E+17,socionoel,SocioNoel,0,10
6.72353E+17,socionoel,SocioNoel,0,10
6.72354E+17,socionoel,SocioNoël,36,46
6.72353E+17,socionoel,SocioNoel,0,10
6.72351E+17,socionoel,SocioNoel,5,15
6.72344E+17,socionoel,SocioNoel,0,10
6.7235E+17,socionoel,SocioNoel,0,10
6.72349E+17,socionoel,SocioNoel,0,10
6.72349E+17,socionoel,SocioNoel,0,10
6.72346E+17,socionoel,SocioNoel,0,10
6.72346E+17,hoggart,Hoggart,17,25
6.72346E+17,socionoel,socionoel,8,18
6.72343E+17,socionoel,SocioNoel,103,113
6.72341E+17,socionoel,SocioNoel,0,10
6.72342E+17,socionoel,SocioNoel,0,10
6.7234E+17,ecoledejourdan,EcoleDeJourdan,20,35
6.7234E+17,socionoel,SocioNoel,41,51
6.7234E+17,day3,Day3,52,57
6.7234E+17,socionoel,SocioNoel,0,10
6.72336E+17,socionoel,SocioNoel,5,15
6.72336E+17,jour3,Jour3,16,22
6.72335E+17,socionoel,SocioNoël,106,116
6.72335E+17,socionoel,SocioNoel,22,32
6.72335E+17,philonoel,PhiloNoel,58,68
6.72333E+17,socionoel,SocioNoel,0,10
6.72332E+17,day3,day3,0,5
6.72332E+17,socionoel,SocioNoel,6,16
6.72325E+17,socionoel,SocioNoel,28,38
6.72322E+17,socionoel,SocioNoel,35,45
6.72322E+17,ahiiicestdelhistoire,AhiiiCestdelHistoire,46,67
6.7232E+17,j3,J3,0,3
6.7232E+17,socionoel,SocioNoel,116,126
6.7232E+17,socionoel,SocioNoel,21,31
6.72317E+17,socionoel,SocioNoel,0,10
6.72317E+17,socionoel,SocioNoel,0,10
6.72317E+17,sociologie,sociologie,20,31
6.72317E+17,coaching,coaching,86,95
6.72313E+17,socionoel,SocioNoel,12,22
6.72299E+17,socionoel,SocioNoel,0,10
6.72193E+17,socionoel,SocioNoel,0,10
6.72193E+17,cop21,COP21,19,25
6.72171E+17,socionoel,SocioNoel,98,108
6.72151E+17,socionoel,SocioNoel,0,10
6.72147E+17,socionoel,SocioNoel,93,103
6.72144E+17,socionoel,SocioNoel,13,23
6.7213E+17,socionoel,SocioNoel,49,59
6.7212E+17,socionoel,SocioNoël,70,80
6.72119E+17,socionoel,SocioNoel,89,99
6.72117E+17,socionoel,SocioNoel,53,63
6.72106E+17,socionoel,SocioNoel,0,10
6.72101E+17,socionoel,SocioNoel,124,134
6.72098E+17,socionoel,SocioNoel,0,10
6.71972E+17,socionoel,SocioNoel,12,22
6.72091E+17,socionoel,SocioNoel,56,66
6.7209E+17,day2,day2,20,25
6.7209E+17,socionoel,SocioNoel,29,39
6.7209E+17,streetlevelgifts,streetlevelgifts,68,85
6.7209E+17,noelauguichet,noelauguichet,86,100
6.72088E+17,socionoel,SocioNoel,0,10
6.72062E+17,souhailabenlachhab,SouhailaBenLachhab,0,19
6.72062E+17,socionoel,SocioNoel,54,64
6.72034E+17,socionoel,SocioNoel,112,122
6.72026E+17,socionoel,SocioNoel,19,29
6.7202E+17,socionoel,SocioNoel,0,10
6.7202E+17,socionoel,socionoël,0,10
6.72015E+17,socionoel,SocioNoel,0,10
6.72015E+17,timingold,timingold,59,69
6.72015E+17,ecologie,ecologie,70,79
6.72015E+17,anthropologie,anthropologie,80,94
6.72015E+17,poesie,poesie,95,102
6.72009E+17,socionoel,SocioNoel,9,19
6.72009E+17,sociologie,sociologie,70,81
6.72005E+17,socionoel,SocioNoel,52,62
6.71997E+17,socionoel,SocioNoel,0,10
6.71996E+17,lt,lt,0,3
6.71996E+17,socionoel,SocioNoel,96,106
6.71995E+17,socionoel,SocioNoel,86,96
6.71995E+17,socionoel,SocioNoel,0,10
6.71995E+17,lrt,lrt,33,37
6.71995E+17,socionoel,SocioNoel,30,40
6.71993E+17,socionoel,socionoel,33,43
6.72072E+17,day2,day2,20,25
6.72072E+17,socionoel,SocioNoel,26,36
6.72066E+17,day1,day1,13,18
6.72066E+17,day2,day2,44,49
6.72066E+17,socionoel,SocioNoel,102,112
6.72066E+17,socionoel,SocioNoel,0,10
6.72065E+17,j2,J2,0,3
6.72065E+17,socionoel,SocioNoel,105,115
6.72047E+17,socionoel,SocioNoël,0,10
6.72052E+17,socionoel,SocioNoël,51,61
6.72052E+17,socionoel,SocioNoël,4,14
6.72052E+17,socionoel,SocioNoël,70,80
6.72053E+17,socionoel,SocioNoël,4,14
6.72047E+17,socionoel,SocioNoel,0,10
6.72034E+17,socionoel,SocioNoel,90,100
6.72035E+17,socionoel,SocioNoel,45,55
6.72045E+17,socionoel,SocioNoel,43,53
6.72036E+17,socionoel,SocioNoel,0,10
6.72036E+17,culturalstudies,culturalstudies,106,122
6.72034E+17,socionoel,SocioNoel,0,10
6.72034E+17,staps,STAPS,58,64
6.72034E+17,supporterisme,supporterisme,89,103
6.72028E+17,socionoel,SocioNoel,0,10
6.72027E+17,socionoel,SocioNoel,0,10
6.72027E+17,day2,Day2,11,16
6.72028E+17,socionoel,SocioNoel,0,10
6.72028E+17,socionoel,SocioNoel,0,10
6.72028E+17,day3,Day3,58,63
6.72028E+17,teaser,Teaser,64,71
6.72027E+17,socionoel,SocioNoel,33,43
6.72024E+17,socionoel,SocioNoel,3,13
6.72022E+17,socionoel,SocioNoël,2,12
6.71998E+17,socionoel,SocioNoel,0,10
6.71998E+17,day1,day1,23,28
6.72004E+17,inshape,inshape,76,84
6.72006E+17,socionoel,SocioNoel,126,136
6.72019E+17,socionoel,SocioNoel,29,39
6.72018E+17,socionoel,SocioNoel,0,10
6.72009E+17,socionoel,SocioNoel,0,10
6.72009E+17,sociologie,sociologie,66,77
6.72015E+17,socionoel,SocioNoel,11,21
6.72014E+17,socionoel,SocioNoel,0,10
6.72009E+17,socionoel,SocioNoel,106,116
6.72006E+17,socionoel,socionoel,0,10
6.72006E+17,socionoel,SocioNoel,0,10
6.72006E+17,socionoel,socionoel,0,10
6.72005E+17,socionoel,SocioNoel,0,10
6.72004E+17,socionoel,SocioNoel,0,10
6.71741E+17,socionoel,SocioNoel,69,79
6.71989E+17,socionoel,SocioNoël,100,110
6.72003E+17,socionoel,SocioNoël,122,132
6.72002E+17,socionoel,SocioNoel,7,17
6.72001E+17,socionoel,SocioNoel,20,30
6.71999E+17,socionoel,SocioNoel,103,113
6.71999E+17,socionoel,SocioNoel,62,72
6.71997E+17,socionoel,SocioNoel,128,138
6.71996E+17,socionoel,SocioNoel,55,65
6.71996E+17,socionoel,SocioNoel,101,111
6.71995E+17,socionoel,SocioNoel,0,10
6.71993E+17,socionoel,SocioNoel,25,35
6.71992E+17,socionoel,SocioNoel,0,10
6.71989E+17,socionoel,SocioNoel,30,40
6.71992E+17,socionoel,SocioNoel,105,115
6.71991E+17,socionoel,SocioNoël,42,52
6.7199E+17,socionoel,SocioNoel,0,10
6.7199E+17,jour2,Jour2,11,17
6.71987E+17,socionoel,SocioNoel,21,31
6.71986E+17,socionoel,SocioNoel,3,13
6.7198E+17,socionoel,SocioNoel,62,72
6.71978E+17,socionoel,SocioNoel,0,10
