_id,startText,startDate,endText,endDate
6.797742912405873e+17,"@Uneheuredepeine Lecture #SocioNoel pour le D-day : Le P√®re No√´l supplici√©, par L√©vi-Strauss. A moins que je ne l'ai pas vu passer...",24/12/15,"@Uneheuredepeine Lecture #SocioNoel pour le D-day : Le P√®re No√´l supplici√©, par L√©vi-Strauss. A moins que je ne l'ai pas vu passer...",24/12/15
6.720042501095383e+17,@MaximeBraun @MaximeBraun moquez-vous ! Vous n'avez qu'√† participer au calendrier de l'avent de la sociologie. Le hashtag est #SocioNoel,02/12/15,@MaximeBraun @MaximeBraun moquez-vous ! Vous n'avez qu'√† participer au calendrier de l'avent de la sociologie. Le hashtag est #SocioNoel,02/12/15
6.7235601914257e+17,"@CobbleAndFrame @Uneheuredepeine Et oublier ""Sociologie des crises politiques"" de Michel Dobry ? #SocioNoel https://t.co/t9PDZ75FKV",03/12/15,"@CobbleAndFrame @Uneheuredepeine Et oublier ""Sociologie des crises politiques"" de Michel Dobry ? #SocioNoel https://t.co/t9PDZ75FKV",03/12/15
6.7235601914257e+17,"@CobbleAndFrame @Uneheuredepeine Et oublier ""Sociologie des crises politiques"" de Michel Dobry ? #SocioNoel https://t.co/t9PDZ75FKV",03/12/15,"@CobbleAndFrame @Ed_LaDecouverte @EditionsScpo chaque ann√©e, #SocioNoel sera le nouvel indicateur du march√© de l'√©dition scientifique",03/12/15
6.7235601914257e+17,"@CobbleAndFrame @Ed_LaDecouverte @EditionsScpo chaque ann√©e, #SocioNoel sera le nouvel indicateur du march√© de l'√©dition scientifique",03/12/15,"@CobbleAndFrame @Uneheuredepeine Et oublier ""Sociologie des crises politiques"" de Michel Dobry ? #SocioNoel https://t.co/t9PDZ75FKV",03/12/15
6.7235601914257e+17,"@CobbleAndFrame @Ed_LaDecouverte @EditionsScpo chaque ann√©e, #SocioNoel sera le nouvel indicateur du march√© de l'√©dition scientifique",03/12/15,"@CobbleAndFrame @Ed_LaDecouverte @EditionsScpo chaque ann√©e, #SocioNoel sera le nouvel indicateur du march√© de l'√©dition scientifique",03/12/15
6.76723564121301e+17,"#SocioNo√´l, 16/12 : Jean-No√´l Reti√®re, ""Autour de l'autochtonie"" https://t.co/rSGwteQFCU https://t.co/E4TcmuBk0o",16/12/15,"#SocioNo√´l, 16/12 : Jean-No√´l Reti√®re, ""Autour de l'autochtonie"" https://t.co/rSGwteQFCU https://t.co/E4TcmuBk0o",16/12/15
6.73870140287656e+17,@sociosauvage Oui voil√†,07/12/15,@sociosauvage Oui voil√†,07/12/15
6.720517763261153e+17,2/4 #SocioNo√´l https://t.co/QLY3iX9rg1,02/12/15,2/4 #SocioNo√´l https://t.co/QLY3iX9rg1,02/12/15
6.723327774220042e+17,.@Lil_RoXaNe J4 le 3/12 c'est interdit dans le r√®glement #SocioNoel :-) si c'est cm √ßa jen mets 1 autre du mm th√™me https://t.co/GS0YHjJO0Z,03/12/15,.@Lil_RoXaNe J4 le 3/12 c'est interdit dans le r√®glement #SocioNoel :-) si c'est cm √ßa jen mets 1 autre du mm th√™me https://t.co/GS0YHjJO0Z,03/12/15
6.78851789521879e+17,"@EditionsduSeuil Pour terminer, et parmi tant d'autres. Indispensable : 4/ P. Bourdieu, M√©ditations pascaliennes https://t.co/b0I7mRBans",21/12/15,"@EditionsduSeuil Pour terminer, et parmi tant d'autres. Indispensable : 4/ P. Bourdieu, M√©ditations pascaliennes https://t.co/b0I7mRBans",21/12/15
6.754050370452275e+17,"12- ""Passer les fronti√®res sociales. Comment les &lt;fili√®res d'√©lite&gt; entrouvrent leurs portes"", P Pasquali #SocioNoel https://t.co/MCcj9zhX9y",12/12/15,"12- ""Passer les fronti√®res sociales. Comment les &lt;fili√®res d'√©lite&gt; entrouvrent leurs portes"", P Pasquali #SocioNoel https://t.co/MCcj9zhX9y",12/12/15
6.854931634868019e+17,"zone g√©ographique en proposant une comparaison des soci√©t√©s caract√©ris√©e par l'exogamie, et de celles caract√©ris√©e par l'endogamie",08/01/16,"zone g√©ographique en proposant une comparaison des soci√©t√©s caract√©ris√©e par l'exogamie, et de celles caract√©ris√©e par l'endogamie",08/01/16
6.738743372088648e+17,"@sociosauvage Le deuxi√®me passage que je trouve un peu aga√ßant, c'est le truc d'Orl√©ans sur la math√©matisation. Lahire fait juste avant des",07/12/15,"@sociosauvage Le deuxi√®me passage que je trouve un peu aga√ßant, c'est le truc d'Orl√©ans sur la math√©matisation. Lahire fait juste avant des",07/12/15
6.745359505554883e+17,@Lil_RoXaNe mais bon j'ai pas vu le #SocioNoel alors je l'ai mis :p,09/12/15,@Lil_RoXaNe mais bon j'ai pas vu le #SocioNoel alors je l'ai mis :p,09/12/15
6.738723036677407e+17,@sociosauvage Le premier c'est le truc de Lahire sur l'incertitude : je trouve parfaitement juste sa remarque sur le fait que les agents,07/12/15,@sociosauvage Le premier c'est le truc de Lahire sur l'incertitude : je trouve parfaitement juste sa remarque sur le fait que les agents,07/12/15
6.7350189021116e+17,@Spinochat Ma proposition : - les dilettantes : une page de Spinoza/jour. - les autres : 10 pages/jour ou +. @Amalasonthe @lissytsa,06/12/15,@Spinochat Ma proposition : - les dilettantes : une page de Spinoza/jour. - les autres : 10 pages/jour ou +. @Amalasonthe @lissytsa,06/12/15
6.72704691432792e+17,"@v23id C'est pas moi qui l'ai lanc√©, mais oui. Cf le hashtag #SocioNoel",04/12/15,"@v23id C'est pas moi qui l'ai lanc√©, mais oui. Cf le hashtag #SocioNoel",04/12/15
6.72500126267646e+17,#LT Au XIXe des troupes de th√©atre jou√© Shakespeare aux USA comme un spectacle populaire. Avec des batailles de tartes √† la cr√®me au milieu.,03/12/15,#LT Au XIXe des troupes de th√©atre jou√© Shakespeare aux USA comme un spectacle populaire. Avec des batailles de tartes √† la cr√®me au milieu.,03/12/15
6.716697790281564e+17,"@CobbleAndFrame @Melusine_2 @Uneheuredepeine Dans le cas contraire, je prendrais le temps de me plaindre que j'ai pas le tps de me plaindre.",01/12/15,"@CobbleAndFrame @Melusine_2 @Uneheuredepeine Dans le cas contraire, je prendrais le temps de me plaindre que j'ai pas le tps de me plaindre.",01/12/15
6.731890775465943e+17,"@CobbleAndFrame @Uneheuredepeine des larmes interactionnelles coulent sur ma ""face"" (Goffman,1974) *s'enfuit en coulisses*",05/12/15,"@CobbleAndFrame @Uneheuredepeine des larmes interactionnelles coulent sur ma ""face"" (Goffman,1974) *s'enfuit en coulisses*",05/12/15
6.739641292590367e+17,"Les mecs, vous √™tes tout aussi largu√©s que nous. D'ailleurs, c'est normal. On est des journalistes, pas les petits cousins de superman",07/12/15,"Les mecs, vous √™tes tout aussi largu√©s que nous. D'ailleurs, c'est normal. On est des journalistes, pas les petits cousins de superman",07/12/15
6.790590095513764e+17,Indice 3 : l'ouvrage est la publication d'une th√®se soutenue √† l'EHESS dans les ann√©es 1990. :),22/12/15,Indice 3 : l'ouvrage est la publication d'une th√®se soutenue √† l'EHESS dans les ann√©es 1990. :),22/12/15
6.716501255639941e+17,@Melusine_2 #SocioNo√´l waow. √áa claque √† lire en tant qu'homme !,01/12/15,"#SocioNo√´l J2. On reste sur notre lanc√©e #genre avec ¬´¬†Le p√©d√©, la pute et l‚Äôordre h√©t√©rosexue¬†¬ª d‚ÄôIsabelle Clair https://t.co/gaaBDyAswM",02/12/15
6.8013184872337e+17,"18- ""L'islam imaginaire. La construction m√©diatique de l'islamophobie (...)"", T. Deltombe.   #SocioNoel https://t.co/UyoQfEo5lc",24/12/15,"18- ""L'islam imaginaire. La construction m√©diatique de l'islamophobie (...)"", T. Deltombe.   #SocioNoel https://t.co/UyoQfEo5lc",24/12/15
6.761298915076997e+17,"14- Qui a peur des statistiques ethniques ? - Louis-Georges Tin ; livre ""Statactivisme"". Libre lecture &gt; https://t.co/2iqPcWsU1g  #SocioNoel",14/12/15,"14- Qui a peur des statistiques ethniques ? - Louis-Georges Tin ; livre ""Statactivisme"". Libre lecture &gt; https://t.co/2iqPcWsU1g  #SocioNoel",14/12/15
6.786912458128179e+17,"Bonus: Darmon : ""La notion de carri√®re : un instrument interactionniste d‚Äôobjectivation"". https://t.co/r9MvmC9fwJ",20/12/15,"Bonus: Darmon : ""La notion de carri√®re : un instrument interactionniste d‚Äôobjectivation"". https://t.co/r9MvmC9fwJ",20/12/15
6.735028552071045e+17,@Spinomade @Spinochat @Amalasonthe c'est quoi le jeu en fait?,06/12/15,@Spinomade @Spinochat @Amalasonthe c'est quoi le jeu en fait?,06/12/15
6.799407997113098e+17,@JPatarinJossec #SocioNoel https://t.co/IWsm9thwq1 (joke) @Uneheuredepeine,24/12/15,@JPatarinJossec #SocioNoel https://t.co/IWsm9thwq1 (joke) @Uneheuredepeine,24/12/15
6.731790725922447e+17,@Silmalia pour l'instant je trouve ton #SocioNoel tr√®s bon,05/12/15,@Silmalia pour l'instant je trouve ton #SocioNoel tr√®s bon,05/12/15
6.797184391712645e+17,#SocioNoel bon c'est plut√¥t de l'histoire que de la socio mais 'est un chouette bouquin/manuel pour mieux comprendre la place des femmes 1/,23/12/15,#SocioNoel bon c'est plut√¥t de l'histoire que de la socio mais 'est un chouette bouquin/manuel pour mieux comprendre la place des femmes 1/,23/12/15
6.725017554401935e+17,"#LT L√† encore, pour plus de d√©tails : https://t.co/ImLBMT07Zr (m'√©tonne de pas encore l'avoir vu dans #SocioNoel d'ailleurs)",03/12/15,"#LT L√† encore, pour plus de d√©tails : https://t.co/ImLBMT07Zr (m'√©tonne de pas encore l'avoir vu dans #SocioNoel d'ailleurs)",03/12/15
6.724211920081224e+17,"#SocioNoel En le relisant r√©cemment, j'ai vu qu'il y avait aussi plein de choses utiles pour nourrir l'imagination sociologique :",03/12/15,"#SocioNoel En le relisant r√©cemment, j'ai vu qu'il y avait aussi plein de choses utiles pour nourrir l'imagination sociologique :",03/12/15
6.767425951256166e+17,@Mathieu_Cocq @bfontn @Uneheuredepeine je resterai spectateur (assidu) de ce #SocioNoel bien int√©ressant!,15/12/15,@Mathieu_Cocq @bfontn @Uneheuredepeine je resterai spectateur (assidu) de ce #SocioNoel bien int√©ressant!,15/12/15
6.727123698654249e+17,#SocioNoel Le livre que je lis en ce moment. Une application de la socio de Bourdieu √† la s√©rie Columbo. Facile √† lire et int√©ressant.,04/12/15,#SocioNoel Le livre que je lis en ce moment. Une application de la socio de Bourdieu √† la s√©rie Columbo. Facile √† lire et int√©ressant.,04/12/15
6.750493725943972e+17,"11- ""Quand les banlieues br√ªlent.."", dir. Mucchielli &amp; Le Goaziou. √âtrangement adapt√© au &lt;climat&gt; actuel. #SocioNoel https://t.co/VHHljfPBBk",11/12/15,"11- ""Quand les banlieues br√ªlent.."", dir. Mucchielli &amp; Le Goaziou. √âtrangement adapt√© au &lt;climat&gt; actuel. #SocioNoel https://t.co/VHHljfPBBk",11/12/15
6.72355700362879e+17,@Uneheuredepeine @Ed_LaDecouverte MMH est-ce une surprise ?,03/12/15,@Uneheuredepeine @Ed_LaDecouverte MMH est-ce une surprise ?,03/12/15
6.72355700362879e+17,@Uneheuredepeine @Ed_LaDecouverte MMH est-ce une surprise ?,03/12/15,@Uneheuredepeine @Ed_LaDecouverte Les @EditionsScpo essaient de gagner du terrain mais on n'y est pas encore.,03/12/15
6.72355700362879e+17,@Uneheuredepeine @Ed_LaDecouverte Les @EditionsScpo essaient de gagner du terrain mais on n'y est pas encore.,03/12/15,@Uneheuredepeine @Ed_LaDecouverte MMH est-ce une surprise ?,03/12/15
6.72355700362879e+17,@Uneheuredepeine @Ed_LaDecouverte Les @EditionsScpo essaient de gagner du terrain mais on n'y est pas encore.,03/12/15,@Uneheuredepeine @Ed_LaDecouverte Les @EditionsScpo essaient de gagner du terrain mais on n'y est pas encore.,03/12/15
6.72419814615466e+17,#SocioNoel J'ai vu que ce livre avait d√©j√† √©t√© cit√© plusieurs fois aujourd'hui. Mais vous aurez pu constater qu'ici qu'il y a une vraie,03/12/15,#SocioNoel J'ai vu que ce livre avait d√©j√† √©t√© cit√© plusieurs fois aujourd'hui. Mais vous aurez pu constater qu'ici qu'il y a une vraie,03/12/15
6.715937084799754e+17,"@Lil_RoXaNe je crois que c'est celui dont ""la suite dans les id√©es"" sur Fculture a parl√© au printemps... Je note je note, merci #SocioNoel",01/12/15,"@Lil_RoXaNe je crois que c'est celui dont ""la suite dans les id√©es"" sur Fculture a parl√© au printemps... Je note je note, merci #SocioNoel",01/12/15
6.732307650653798e+17,"Eeeeet #SocioNoel ce docu : https://t.co/vdVJb4pYmM pour tout savoir de l'exp√©rience de Milgram et d'une ""r√©√©dition"" de 2005. Passionnant !!",05/12/15,"Eeeeet #SocioNoel ce docu : https://t.co/vdVJb4pYmM pour tout savoir de l'exp√©rience de Milgram et d'une ""r√©√©dition"" de 2005. Passionnant !!",05/12/15
6.745696957402317e+17,@PierreMontorier Je l'ai en double celui-l√† si tu veux !,09/12/15,@PierreMontorier Je l'ai en double celui-l√† si tu veux !,09/12/15
6.726959866413507e+17,"#SocioNoel Et si vous voulez lire le passage illustr√©, Le Paradis : https://t.co/79r5k2vjZ5",04/12/15,"#SocioNoel Et si vous voulez lire le passage illustr√©, Le Paradis : https://t.co/79r5k2vjZ5",04/12/15
6.726959866413507e+17,"#SocioNoel Et si vous voulez lire le passage illustr√©, Le Paradis : https://t.co/79r5k2vjZ5",04/12/15,(T'as vu j'ai r√©ussi a cal√© de l'histoire de l'art ET de la litt√©rature sur #SocioNoel),04/12/15
6.726959866413507e+17,(T'as vu j'ai r√©ussi a cal√© de l'histoire de l'art ET de la litt√©rature sur #SocioNoel),04/12/15,"#SocioNoel Et si vous voulez lire le passage illustr√©, Le Paradis : https://t.co/79r5k2vjZ5",04/12/15
6.726959866413507e+17,(T'as vu j'ai r√©ussi a cal√© de l'histoire de l'art ET de la litt√©rature sur #SocioNoel),04/12/15,(T'as vu j'ai r√©ussi a cal√© de l'histoire de l'art ET de la litt√©rature sur #SocioNoel),04/12/15
6.778434294187704e+17,".@cobbleandframe Et hop je case un #SocioNoel ‚ÄúFocus - Compter les personnes sans domicile‚Äù, par Julien Damon : https://t.co/tXvct8J7Ex",18/12/15,".@cobbleandframe Et hop je case un #SocioNoel ‚ÄúFocus - Compter les personnes sans domicile‚Äù, par Julien Damon : https://t.co/tXvct8J7Ex",18/12/15
6.854927151743631e+17,"Germaine Tillion nous d√©montre que l'oppression des femmes,loin d'√™tre le triste apanage de l'Islam s√©vit aussi bien dans les pays chr√©tiens",08/01/16,"Germaine Tillion nous d√©montre que l'oppression des femmes,loin d'√™tre le triste apanage de l'Islam s√©vit aussi bien dans les pays chr√©tiens",08/01/16
6.760202113891738e+17,Ce film est cool parce qu'il a une vision super radicale sur les rapports entre dominants et domin√©s. Et il y a des flingues.,13/12/15,Ce film est cool parce qu'il a une vision super radicale sur les rapports entre dominants et domin√©s. Et il y a des flingues.,13/12/15
6.72420811073069e+17,"#SocioNoel A la premi√®re lecture, c'est le parcours et l'univers de Younes Amrani qui m'avait marqu√©.",03/12/15,"#SocioNoel A la premi√®re lecture, c'est le parcours et l'univers de Younes Amrani qui m'avait marqu√©.",03/12/15
6.727033742996726e+17,@SamuelHayat tu fais un calendrier de l'avent de tes r√©f√©rences socio? :-),04/12/15,@SamuelHayat tu fais un calendrier de l'avent de tes r√©f√©rences socio? :-),04/12/15
6.778900705993073e+17,#SocioNoel #Day18 O. Galland sur sa conceptualisation int√©ressante de la jeunesse (p√©riode de vie structur√©e et structurante vs gr social).,18/12/15,#SocioNoel #Day18 O. Galland sur sa conceptualisation int√©ressante de la jeunesse (p√©riode de vie structur√©e et structurante vs gr social).,18/12/15
6.799944635996283e+17,#LT Enfin reprenant Durkheim dans un sanglot : https://t.co/9pBIuWQivh #SocioNoel,24/12/15,#LT Enfin reprenant Durkheim dans un sanglot : https://t.co/9pBIuWQivh #SocioNoel,24/12/15
6.720011607405281e+17,@ylloPytterP Merci. Je pensais plut√¥t √† un No√´l canadien IRL o√π chacun offre et d√©dicace l'un des livres qu'il conseille. #SocioNo√´l,02/12/15,@ylloPytterP Merci. Je pensais plut√¥t √† un No√´l canadien IRL o√π chacun offre et d√©dicace l'un des livres qu'il conseille. #SocioNo√´l,02/12/15
6.738749057594163e+17,@sociosauvage causer de la math√©matisation de l'√©conomie dans ce cadre-l√† mais l√† tel qu'il pose le probl√®me je trouve que √ßa tombe un peu,07/12/15,@sociosauvage causer de la math√©matisation de l'√©conomie dans ce cadre-l√† mais l√† tel qu'il pose le probl√®me je trouve que √ßa tombe un peu,07/12/15
6.727274261206876e+17,"#SocioNo√´l 5/12 : Alain Garrigou, ""Le vote et la vertu, comment les Fran√ßais sont devenus √©lecteurs"" https://t.co/eGdcRxbyNH",05/12/15,"#SocioNo√´l 5/12 : Alain Garrigou, ""Le vote et la vertu, comment les Fran√ßais sont devenus √©lecteurs"" https://t.co/eGdcRxbyNH",05/12/15
6.71971541417087e+17,"@Politriste √ßa suffit la violence, d'autres sentiments? #SocioNoel https://t.co/qQpEQoj6ja",02/12/15,"@Politriste √ßa suffit la violence, d'autres sentiments? #SocioNoel https://t.co/qQpEQoj6ja",02/12/15
6.748986442151936e+17,"#LT Que l'on compl√©tera volontiers avec ""Le travail sous tension"" du m√™me auteur #SocioNoel aussi",10/12/15,"#LT Que l'on compl√©tera volontiers avec ""Le travail sous tension"" du m√™me auteur #SocioNoel aussi",10/12/15
6.742198643792855e+17,"Fantasmes ""chair de l'empire"", @ReacNoire, pour reprendre un titre des @Ed_LaDecouverte (https://t.co/8RDY49AK6G). cc @EricFassin #SocioNo√´l",08/12/15,"Fantasmes ""chair de l'empire"", @ReacNoire, pour reprendre un titre des @Ed_LaDecouverte (https://t.co/8RDY49AK6G). cc @EricFassin #SocioNo√´l",08/12/15
6.854929899474166e+17,"Le moins qu'on puisse dire c'est que ce r√©sum√© est concis, mais elle d√©veloppe surtout l'histoire des structures sociales de cette",08/01/16,"Le moins qu'on puisse dire c'est que ce r√©sum√© est concis, mais elle d√©veloppe surtout l'histoire des structures sociales de cette",08/01/16
6.719886785337508e+17,"1 simple nature morte que j'adore: Van Gogh, Two crabs, 1889, National Gallery de Londres @sophie_pallas #SocioNoel https://t.co/MEtpmy8p1B",02/12/15,"1 simple nature morte que j'adore: Van Gogh, Two crabs, 1889, National Gallery de Londres @sophie_pallas #SocioNoel https://t.co/MEtpmy8p1B",02/12/15
6.724148245387469e+17,@ENS_ULM @cdf1530 @Philosophie_ENS @EHESS_fr @CNRS Une voyage riche des id√©es s'on disposerait considerer des philos des autres  #SocioNoel,03/12/15,@ENS_ULM @cdf1530 @Philosophie_ENS @EHESS_fr @CNRS Une voyage riche des id√©es s'on disposerait considerer des philos des autres  #SocioNoel,03/12/15
6.723410494115226e+17,"#SocioNoel Son immersion m'a passionn√©, et son analyse introduit √† Becker. J'avais rencontr√© l'auteure pour mon dossier. Merci √† elle ! 2/2",03/12/15,"#SocioNoel Son immersion m'a passionn√©, et son analyse introduit √† Becker. J'avais rencontr√© l'auteure pour mon dossier. Merci √† elle ! 2/2",03/12/15
6.723573204967178e+17,"@cobbleandframe @uneheuredepeine @ed_ladecouverte ils ont commenc√© √† RT tous les #SocioNo√´l qui les concernent, il y a une ouverture.",03/12/15,"@cobbleandframe @uneheuredepeine @ed_ladecouverte ils ont commenc√© √† RT tous les #SocioNo√´l qui les concernent, il y a une ouverture.",03/12/15
6.739709471588434e+17,"8- ""Les initiations: une seconde naissance, pourquoi et pour qui ?"" M. Godelier &gt; https://t.co/cEMGurPawD #SocioNoel https://t.co/0w4UdJ1WR4",08/12/15,"8- ""Les initiations: une seconde naissance, pourquoi et pour qui ?"" M. Godelier &gt; https://t.co/cEMGurPawD #SocioNoel https://t.co/0w4UdJ1WR4",08/12/15
6.716796407512515e+17,"@liligo Voyager √† moiti√© prix ? C'est pas possible ! Mais si, c'est possible, m√™me sans #CarteKiwi ! https://t.co/gfIMK2CRDn",01/12/15,"@liligo Voyager √† moiti√© prix ? C'est pas possible ! Mais si, c'est possible, m√™me sans #CarteKiwi ! https://t.co/gfIMK2CRDn",01/12/15
6.774647133205996e+17,".@sociosauvage @laspic C'est pourtant bien connu ! Lire ""Devenir Elias"" de Marc Joly pour comprendre cette √©trange situation. #SocioNo√´l",17/12/15,".@sociosauvage @laspic C'est pourtant bien connu ! Lire ""Devenir Elias"" de Marc Joly pour comprendre cette √©trange situation. #SocioNo√´l",17/12/15
6.801362337591583e+17,"20- ""Guerre de mouvement et guerre de position"", textes de Gramsci r√©unis par R. Keucheyan. #SocioNoel https://t.co/jTHcX5IloG",24/12/15,"20- ""Guerre de mouvement et guerre de position"", textes de Gramsci r√©unis par R. Keucheyan. #SocioNoel https://t.co/jTHcX5IloG",24/12/15
6.772171658759209e+17,Merci @nathalie_jas for adding Toxic Injustice to the #HistoNoel #SocioNoel Christmas lists #academic #booksforchristmas,17/12/15,Merci @nathalie_jas for adding Toxic Injustice to the #HistoNoel #SocioNoel Christmas lists #academic #booksforchristmas,17/12/15
6.745355914558013e+17,@Morifen333 Je l'adore celui l√†. Mais c'est plus un essai politique que de la socio ^^,09/12/15,@Morifen333 Je l'adore celui l√†. Mais c'est plus un essai politique que de la socio ^^,09/12/15
6.799936400732037e+17,#LT Respectueux : https://t.co/QGOGp8eFw3 Campagnard : Respectueux : https://t.co/QGOGp8eFw3 #SocioNoel,24/12/15,#LT Respectueux : https://t.co/QGOGp8eFw3 Campagnard : Respectueux : https://t.co/QGOGp8eFw3 #SocioNoel,24/12/15
6.795772331959296e+17,Bon twitter je veux des gagnants √† mon grand jeu @balleverte de Noel. Indice bonus: https://t.co/Gwta5enXWo,23/12/15,Bon twitter je veux des gagnants √† mon grand jeu @balleverte de Noel. Indice bonus: https://t.co/Gwta5enXWo,23/12/15
6.724998797935534e+17,#LT Et √ßa change tout. C'est pareil quand on voit une pi√®ce de Shakespeare.,03/12/15,#LT Et √ßa change tout. C'est pareil quand on voit une pi√®ce de Shakespeare.,03/12/15
6.715950471508214e+17,"#SocioNo√´l, 1er d√©cembre : ""La politique sans en avoir l'air"", Laurent Le Gall, Michel Offerl√©, Fran√ßois Ploux https://t.co/8sTerPIOWd",01/12/15,"#SocioNo√´l, 1er d√©cembre : ""La politique sans en avoir l'air"", Laurent Le Gall, Michel Offerl√©, Fran√ßois Ploux https://t.co/8sTerPIOWd",01/12/15
6.723442448714056e+17,"#SocioNoel LT A compl√©ter avec ""Les trois types purs de la domination l√©gitime"" https://t.co/TsC5LfRSOQ, suivi d'int√©ressantes analyses",03/12/15,"#SocioNoel LT A compl√©ter avec ""Les trois types purs de la domination l√©gitime"" https://t.co/TsC5LfRSOQ, suivi d'int√©ressantes analyses",03/12/15
6.793544691932652e+17,#SocioNoel Tout le num√©ro est plut√¥t int√©ressant (mais j'ai pas encore tout lu) https://t.co/iCyfUfwx8e,22/12/15,#SocioNoel Tout le num√©ro est plut√¥t int√©ressant (mais j'ai pas encore tout lu) https://t.co/iCyfUfwx8e,22/12/15
6.76370185209688e+17,"#LT A compl√©ter avec Process and Form in Sociol Life de Fredrik Barth. Tiens,√ßa fera un doubl√© aujourd'hui.",14/12/15,"#LT A compl√©ter avec Process and Form in Sociol Life de Fredrik Barth. Tiens,√ßa fera un doubl√© aujourd'hui.",14/12/15
6.719885187097846e+17,"@lostanlen tu as pochetroc (perso, je n'ach√®te que de l'occaz sur PriceMinister)",02/12/15,"@lostanlen tu as pochetroc (perso, je n'ach√®te que de l'occaz sur PriceMinister)",02/12/15
6.724217470655529e+17,#SocioNoel Et c'est probablement le livre en lien avec la socio que j'ai le plus offert/fait lire √† des non-sociologues.,03/12/15,#SocioNoel Et c'est probablement le livre en lien avec la socio que j'ai le plus offert/fait lire √† des non-sociologues.,03/12/15
6.748699128427233e+17,"Et enfin autre excellent titre/livre : Neveu et Collovald, Lire le Noir. 3/3 #SocioNoel https://t.co/q1lJpPj4Dp",10/12/15,"Et enfin autre excellent titre/livre : Neveu et Collovald, Lire le Noir. 3/3 #SocioNoel https://t.co/q1lJpPj4Dp",10/12/15
6.717410217814016e+17,1er #SocioNoel : Le Don de Marcel Mauss parce que les conclusions ont blow my mind et que c'est le premier ouvrage que j'ai √©tudi√© en entier,01/12/15,1er #SocioNoel : Le Don de Marcel Mauss parce que les conclusions ont blow my mind et que c'est le premier ouvrage que j'ai √©tudi√© en entier,01/12/15
6.71969908922667e+17,"#SocioNo√´l, 3/12, conf de @bourmeau et D. Cefa√Ø sur E. Goffman, ""Behavior in public places"". https://t.co/75bf4Wut1a https://t.co/bZDwIhRFAM",03/12/15,"#SocioNo√´l, 3/12, conf de @bourmeau et D. Cefa√Ø sur E. Goffman, ""Behavior in public places"". https://t.co/75bf4Wut1a https://t.co/bZDwIhRFAM",03/12/15
6.767247131970396e+17,"@Mathieu_Cocq @bfontn @Uneheuredepeine merci √† tous les 2! Du coup,m√™me si l'EHESS est interdisciplinaire,ma th√®se sera en histoire sociale,",15/12/15,"@Mathieu_Cocq @bfontn @Uneheuredepeine merci √† tous les 2! Du coup,m√™me si l'EHESS est interdisciplinaire,ma th√®se sera en histoire sociale,",15/12/15
6.73883428555776e+17,"@sociosauvage Ce que je cherche √† dire c'est que je crois qu'on peut tout √† fait √† la fois regarder l'incertitude comme fondamentale, comme",07/12/15,"@sociosauvage Ce que je cherche √† dire c'est que je crois qu'on peut tout √† fait √† la fois regarder l'incertitude comme fondamentale, comme",07/12/15
6.799914282321428e+17,#LT Pr√©venant : https://t.co/H2hxhhxz5A Tendre : https://t.co/ZEJ7fgymd2 P√©dant : https://t.co/tmHR5IxV6U #SocioNoel,24/12/15,#LT Pr√©venant : https://t.co/H2hxhhxz5A Tendre : https://t.co/ZEJ7fgymd2 P√©dant : https://t.co/tmHR5IxV6U #SocioNoel,24/12/15
6.78690422827393e+17,#SocioNoel - 19. https://t.co/ubXSQurvzA,20/12/15,#SocioNoel - 19. https://t.co/ubXSQurvzA,20/12/15
6.78888881748648e+17,"Allez et je donne un indice par jour, voire plus (il faut qu'elles partent...).  Indice 1: il y a un lien avec Pierre Bourdieu.",21/12/15,"Allez et je donne un indice par jour, voire plus (il faut qu'elles partent...).  Indice 1: il y a un lien avec Pierre Bourdieu.",21/12/15
6.805091737972244e+17,"@bfontn Oh, par curiosit√©, lesquels ?",25/12/15,"@bfontn Oh, par curiosit√©, lesquels ?",25/12/15
6.80121113788158e+17,@Gerome_Truc @editions_PUF j'adore (la topographie l√©gendaire des evangiles en Terre Sainte) #SocioNoel #PassionHalbwachs,24/12/15,@Gerome_Truc @editions_PUF j'adore (la topographie l√©gendaire des evangiles en Terre Sainte) #SocioNoel #PassionHalbwachs,24/12/15
6.771487639920108e+17,@sophie_pallas Il me semble que sur ce sujet on revient au d√©bat du terme de socialisation qui a d√©j√† eu lieu en sociologie,16/12/15,@sophie_pallas Il me semble que sur ce sujet on revient au d√©bat du terme de socialisation qui a d√©j√† eu lieu en sociologie,16/12/15
6.720524231632527e+17,4/4 #SocioNo√´l https://t.co/WF8eWpzDP6,02/12/15,4/4 #SocioNo√´l https://t.co/WF8eWpzDP6,02/12/15
6.74196836681429e+17,"#SocioNoel Les documentaires de Pierre Carles. Tous. Tous tous tous. En priorit√© : ""Attention, danger travail""",08/12/15,"#SocioNoel Les documentaires de Pierre Carles. Tous. Tous tous tous. En priorit√© : ""Attention, danger travail""",08/12/15
6.763997829575967e+17,#SocioNoel Une traduction d'un chapitre par L. Isra√´l et ses √©tudiants de l'√©poque accessible ici : https://t.co/IEUG1asZRL,14/12/15,#SocioNoel Une traduction d'un chapitre par L. Isra√´l et ses √©tudiants de l'√©poque accessible ici : https://t.co/IEUG1asZRL,14/12/15
6.79085811413848e+17,#SocioNoel Voir aussi ce (tr√®s court) article de Lib√© o√π l'auteure parle du livre https://t.co/B7m0SURmuK,22/12/15,#SocioNoel Voir aussi ce (tr√®s court) article de Lib√© o√π l'auteure parle du livre https://t.co/B7m0SURmuK,22/12/15
6.724206654677524e+17,#SocioNoel C'est un √©change entre un sociologue et un de ses lecteurs.,03/12/15,#SocioNoel C'est un √©change entre un sociologue et un de ses lecteurs.,03/12/15
6.753248115943096e+17,#SocioNoel (l'id√©e est de d√©montrer qu'on ne peut pas parler de ghetto pour les situations fran√ßaises),11/12/15,#SocioNoel (l'id√©e est de d√©montrer qu'on ne peut pas parler de ghetto pour les situations fran√ßaises),11/12/15
6.77153468960895e+17,"@sophie_pallas 2) d'autre part c'est aussi enlever le d√©terminisme social quand celui-ci est le moins ""totalitaire"" (biologique, psycho)",16/12/15,"@sophie_pallas 2) d'autre part c'est aussi enlever le d√©terminisme social quand celui-ci est le moins ""totalitaire"" (biologique, psycho)",16/12/15
6.78717772562604e+17,"#SocioNoel ""Voir aussi l'√©mission de France Culture ""Geek: qui es tu?"" https://t.co/CnUyu48RwU",21/12/15,"#SocioNoel ""Voir aussi l'√©mission de France Culture ""Geek: qui es tu?"" https://t.co/CnUyu48RwU",21/12/15
6.757186499744973e+17,"#SocioNo√´l du dimanche 13/12 : Le blog ""√âmile, on bande ?"" de @sociobd. https://t.co/F28FnT1acR",13/12/15,"#SocioNo√´l du dimanche 13/12 : Le blog ""√âmile, on bande ?"" de @sociobd. https://t.co/F28FnT1acR",13/12/15
6.735038868591944e+17,@lissytsa Participer √† une analogie philosophique du #SocioNoel. @Spinochat @Amalasonthe,06/12/15,@lissytsa Participer √† une analogie philosophique du #SocioNoel. @Spinochat @Amalasonthe,06/12/15
6.805046897424712e+17,"Sinon, je vous cache pas que dans la cargaison de No√´l, la pr√©sence de trois livres r√©sulte directement de #SocioNoel, et √ßa c'est cool.",25/12/15,"Sinon, je vous cache pas que dans la cargaison de No√´l, la pr√©sence de trois livres r√©sulte directement de #SocioNoel, et √ßa c'est cool.",25/12/15
6.735489705436119e+17,#SocioNoel C'est une r√©flexion sur le sens de la normalit√© en m√©decine et en biologie.,06/12/15,#SocioNoel C'est une r√©flexion sur le sens de la normalit√© en m√©decine et en biologie.,06/12/15
6.841065191604224e+17,@balleverte j'ai emprunt√© beaucoup de livres gr√¢ce √† #socionoel,04/01/16,@balleverte j'ai emprunt√© beaucoup de livres gr√¢ce √† #socionoel,04/01/16
6.786907608589722e+17,#SocioNoel 20. https://t.co/7HXdHHK6u6,20/12/15,#SocioNoel 20. https://t.co/7HXdHHK6u6,20/12/15
6.768238923259781e+17,"#LT je n'avais pas la place pour le lien, alors le voil√† #SocioNoel https://t.co/6kegs3EXsb+",15/12/15,"#LT je n'avais pas la place pour le lien, alors le voil√† #SocioNoel https://t.co/6kegs3EXsb+",15/12/15
6.732174729804595e+17,"6- ""du c√¥t√© des petites filles"", Elena G. Belotti. Sur les conditionnements sociaux &amp; la petite enfance. #SocioNoel https://t.co/Qdtyb0ZQKp",06/12/15,"6- ""du c√¥t√© des petites filles"", Elena G. Belotti. Sur les conditionnements sociaux &amp; la petite enfance. #SocioNoel https://t.co/Qdtyb0ZQKp",06/12/15
6.724203205198029e+17,#SocioNoel Et pour dire quelques mots sur le livre : c'est pas √† proprement parler de la socio pure (pas d'enqu√™te par ex.).,03/12/15,#SocioNoel Et pour dire quelques mots sur le livre : c'est pas √† proprement parler de la socio pure (pas d'enqu√™te par ex.).,03/12/15
6.730746782909071e+17,@LionnelleMakaya Tu aurais un ouvrage en particulier que je puisse mettre dans la liste ? https://t.co/4seSZN8hUE,05/12/15,@LionnelleMakaya Tu aurais un ouvrage en particulier que je puisse mettre dans la liste ? https://t.co/4seSZN8hUE,05/12/15
6.752919482535977e+17,"#SocioNoel Voir aussi l'article des m√™mes auteurs dans le @mdiplo: ""Ce que s‚Äôabstenir veut dire"" https://t.co/IZ8BsXX1sX",11/12/15,"#SocioNoel Voir aussi l'article des m√™mes auteurs dans le @mdiplo: ""Ce que s‚Äôabstenir veut dire"" https://t.co/IZ8BsXX1sX",11/12/15
6.728221056884204e+17,C‚Äôest normal que √ßa descende parce que j‚Äô√©limine les duplicatas (si X est cit√© le 2 et le 3 je ne compte que le 2) #LT,04/12/15,C‚Äôest normal que √ßa descende parce que j‚Äô√©limine les duplicatas (si X est cit√© le 2 et le 3 je ne compte que le 2) #LT,04/12/15
6.72826259278295e+17,@audencia_ms_mos Merci et bravo pour le clin d'≈ìil #SocioNoel qui confirme la pertinence de vos interventions soulign√©e dans mon #LT,04/12/15,@audencia_ms_mos Merci et bravo pour le clin d'≈ìil #SocioNoel qui confirme la pertinence de vos interventions soulign√©e dans mon #LT,04/12/15
6.772096373813617e+17,Ce qui me permet une habile transition: le reste de mon #SocioNoel √ßa sera des livres r√©cents. Si possible de potes. Je n'ai honte de rien.,16/12/15,Ce qui me permet une habile transition: le reste de mon #SocioNoel √ßa sera des livres r√©cents. Si possible de potes. Je n'ai honte de rien.,16/12/15
6.748696191911035e+17,"2/. Excellent livre de Brigitte Le Grignou, Du c√¥t√© du public. (excellent titre aussi). 2/3 #SocioNoel https://t.co/6DNlo1kT8k",10/12/15,"2/. Excellent livre de Brigitte Le Grignou, Du c√¥t√© du public. (excellent titre aussi). 2/3 #SocioNoel https://t.co/6DNlo1kT8k",10/12/15
6.799937996664955e+17,#LT Militaire : https://t.co/hKQcT5492X Pratique : https://t.co/OxKa8Oe812 #SocioNoel,24/12/15,#LT Militaire : https://t.co/hKQcT5492X Pratique : https://t.co/OxKa8Oe812 #SocioNoel,24/12/15
6.80001151073448e+17,@sociobd Merci pour cette aventure. A renouveler #SocioNoel,24/12/15,@sociobd Merci pour cette aventure. A renouveler #SocioNoel,24/12/15
6.80001151073448e+17,@sociobd Merci pour cette aventure. A renouveler #SocioNoel,24/12/15,"Quand on parle des ""religions du livre"" @sociobd, on parle bien du Devoir et la Gr√¢ce, n'est-ce pas ? Joyeux #SocioNoel",24/12/15
6.80001151073448e+17,"Quand on parle des ""religions du livre"" @sociobd, on parle bien du Devoir et la Gr√¢ce, n'est-ce pas ? Joyeux #SocioNoel",24/12/15,@sociobd Merci pour cette aventure. A renouveler #SocioNoel,24/12/15
6.80001151073448e+17,"Quand on parle des ""religions du livre"" @sociobd, on parle bien du Devoir et la Gr√¢ce, n'est-ce pas ? Joyeux #SocioNoel",24/12/15,"Quand on parle des ""religions du livre"" @sociobd, on parle bien du Devoir et la Gr√¢ce, n'est-ce pas ? Joyeux #SocioNoel",24/12/15
6.782793330609807e+17,"#SocioNo√´l, 20/12 : Daniel Meier, ""Mariages et identit√© nationale au Liban"" https://t.co/rjNq0I7bq8",20/12/15,"#SocioNo√´l, 20/12 : Daniel Meier, ""Mariages et identit√© nationale au Liban"" https://t.co/rjNq0I7bq8",20/12/15
6.738843756086477e+17,@sociosauvage sont inad√©quates pour travailler proprement sur la question,07/12/15,@sociosauvage sont inad√©quates pour travailler proprement sur la question,07/12/15
6.799768429720003e+17,"#SocioNo√´l, ad vitam : Pierre Bourdieu, ""L'assassinat de Maurice Halbwachs"". https://t.co/7XdextuTun",24/12/15,"#SocioNo√´l, ad vitam : Pierre Bourdieu, ""L'assassinat de Maurice Halbwachs"". https://t.co/7XdextuTun",24/12/15
6.738747381591859e+17,"@sociosauvage remarques que je trouve tr√®s pertinentes sur la division du travail scientifique, et je crois qu'on pourrait tout √† fait",07/12/15,"@sociosauvage remarques que je trouve tr√®s pertinentes sur la division du travail scientifique, et je crois qu'on pourrait tout √† fait",07/12/15
6.731391724048138e+17,@PDufour651 Tu consid√®re √ßa comme ton #SocioNoel du jour ? (c‚Äôest pour la liste),05/12/15,@PDufour651 Tu consid√®re √ßa comme ton #SocioNoel du jour ? (c‚Äôest pour la liste),05/12/15
6.738705347955343e+17,@sociosauvage Il y a une erreur historique d'Orl√©an dedans qui est pas tr√®s grave mais il y a deux passages qui me semblent un peu en de√ß√†,07/12/15,@sociosauvage Il y a une erreur historique d'Orl√©an dedans qui est pas tr√®s grave mais il y a deux passages qui me semblent un peu en de√ß√†,07/12/15
6.721546385782497e+17,"3- ""Invitation √† la sociologie"", Peter L. Berger. Invitation hilarante &amp; percutante (presque) pour tous. #SocioNoel https://t.co/xdml4Oyfuw",03/12/15,"3- ""Invitation √† la sociologie"", Peter L. Berger. Invitation hilarante &amp; percutante (presque) pour tous. #SocioNoel https://t.co/xdml4Oyfuw",03/12/15
6.73779852152021e+17,"#SocioNo√´l, 8/12 : ""On the microfondations of macrosociology"", Randall Collins https://t.co/nzJM1exSJd",08/12/15,"#SocioNo√´l, 8/12 : ""On the microfondations of macrosociology"", Randall Collins https://t.co/nzJM1exSJd",08/12/15
6.723569179609416e+17,#LT #SocioNoel Et puis ce livre a chang√© ma vie donc voil√†.,03/12/15,#LT #SocioNoel Et puis ce livre a chang√© ma vie donc voil√†.,03/12/15
6.764413421181338e+17,#SocioNoel Un des chapitres sur les comm√©rages (traduit et introduit par F. Muel-Dreyfus est en libre acc√®s ici https://t.co/PlT0HTaVP5 .,14/12/15,#SocioNoel Un des chapitres sur les comm√©rages (traduit et introduit par F. Muel-Dreyfus est en libre acc√®s ici https://t.co/PlT0HTaVP5 .,14/12/15
6.801337075844219e+17,"19- ""Capitalisme, d√©sir et servitude. Marx et Spinoza"", Fr√©d√©ric Lordon. Choix de le ranger dans #SocioNoel https://t.co/upJQfXfNFI",24/12/15,"19- ""Capitalisme, d√©sir et servitude. Marx et Spinoza"", Fr√©d√©ric Lordon. Choix de le ranger dans #SocioNoel https://t.co/upJQfXfNFI",24/12/15
6.738754175190057e+17,"@Comtesse_Leia Pour r√©pondre sur Lahire, ce n'est pas vraiment son propos. C'est clairement une critique de certains ""pragmatistes""",07/12/15,"@Comtesse_Leia Pour r√©pondre sur Lahire, ce n'est pas vraiment son propos. C'est clairement une critique de certains ""pragmatistes""",07/12/15
6.73187229733421e+17,Je fais preuve d'aveuglement disciplinaire: je lis socioanthropologie dans #SocioNoel. Voil√† voil√†.,05/12/15,Je fais preuve d'aveuglement disciplinaire: je lis socioanthropologie dans #SocioNoel. Voil√† voil√†.,05/12/15
6.779808281362473e+17,"#SocioNo√´l, 19/12 : Rosemary Sayigh, ""The Palestinians: From peasants to revolutionaries"" https://t.co/VvH54wF2Md",19/12/15,"#SocioNo√´l, 19/12 : Rosemary Sayigh, ""The Palestinians: From peasants to revolutionaries"" https://t.co/VvH54wF2Md",19/12/15
6.731812490291855e+17,@HybridaTabulat @HybridaTabulat Merci! Je sais pas quand mon inspiration va s'essouffler par contre... √áa te dit pas de t'y mettre toi?,05/12/15,@HybridaTabulat @HybridaTabulat Merci! Je sais pas quand mon inspiration va s'essouffler par contre... √áa te dit pas de t'y mettre toi?,05/12/15
6.728228561081467e+17,"Le plus cit√© de #SocioNoel est Bourdieu (10 ouvrages), suivi de Chauvier/Goffman (4), Weber (4), Hoggart/Becker (3)",04/12/15,"Le plus cit√© de #SocioNoel est Bourdieu (10 ouvrages), suivi de Chauvier/Goffman (4), Weber (4), Hoggart/Becker (3)",04/12/15
6.771517254642483e+17,"@sophie_pallas Notamment sur la passivit√© de la socialisation a √©t√© d√©pass√© depuis un moment, avec Bourdieu notamment.",16/12/15,"@sophie_pallas Notamment sur la passivit√© de la socialisation a √©t√© d√©pass√© depuis un moment, avec Bourdieu notamment.",16/12/15
6.801306217384755e+17,"17- ""M√©dias et classes populaires. Les usages ordinaires des informations."", V. Goulet. Dans mon top 10 #SocioNoel https://t.co/9E8ov3dFpB",24/12/15,"17- ""M√©dias et classes populaires. Les usages ordinaires des informations."", V. Goulet. Dans mon top 10 #SocioNoel https://t.co/9E8ov3dFpB",24/12/15
6.775191460626432e+17,@afspinfos Les politistes sont plut√¥t actifs dans #SocioNoel pas d'inqui√©tude ;),18/12/15,@afspinfos Les politistes sont plut√¥t actifs dans #SocioNoel pas d'inqui√©tude ;),18/12/15
6.803486616714199e+17,@ArSaintMartin Ton #SocioNoel c‚Äôest le CR ou l‚Äôouvrage ?,25/12/15,@ArSaintMartin Ton #SocioNoel c‚Äôest le CR ou l‚Äôouvrage ?,25/12/15
6.734731151927173e+17,"RT @Gerome_Truc: #SocioNoel Le livre de socio que j‚Äôai le plus lu et relu:Durkheim, De la division du travail social https://t.co/QkgKpbPk5j",08/12/15,"RT @Gerome_Truc: #SocioNoel Le livre de socio que j‚Äôai le plus lu et relu:Durkheim, De la division du travail social https://t.co/QkgKpbPk5j",08/12/15
6.723580738900255e+17,Et cet ensemble sculptural est un hommage aux soldats roumains morts pendant la Premi√®re Guerre mondiale. #SocioNoel,03/12/15,Et cet ensemble sculptural est un hommage aux soldats roumains morts pendant la Premi√®re Guerre mondiale. #SocioNoel,03/12/15
6.723580738900255e+17,Et cet ensemble sculptural est un hommage aux soldats roumains morts pendant la Premi√®re Guerre mondiale. #SocioNoel,03/12/15,Elle partie d'un ensemble sculptural qui comporte aussi la Colonne sans fin et la Table du Silence #SocioNoel https://t.co/yey0RUxCUU,03/12/15
6.723580738900255e+17,Et cet ensemble sculptural est un hommage aux soldats roumains morts pendant la Premi√®re Guerre mondiale. #SocioNoel,03/12/15,L'espace et l'agencement des sculptures entre elles faisait partie int√©grante du processus artistique de Brancusi #SocioNoel,03/12/15
6.723580738900255e+17,Elle partie d'un ensemble sculptural qui comporte aussi la Colonne sans fin et la Table du Silence #SocioNoel https://t.co/yey0RUxCUU,03/12/15,Et cet ensemble sculptural est un hommage aux soldats roumains morts pendant la Premi√®re Guerre mondiale. #SocioNoel,03/12/15
6.723580738900255e+17,Elle partie d'un ensemble sculptural qui comporte aussi la Colonne sans fin et la Table du Silence #SocioNoel https://t.co/yey0RUxCUU,03/12/15,Elle partie d'un ensemble sculptural qui comporte aussi la Colonne sans fin et la Table du Silence #SocioNoel https://t.co/yey0RUxCUU,03/12/15
6.723580738900255e+17,Elle partie d'un ensemble sculptural qui comporte aussi la Colonne sans fin et la Table du Silence #SocioNoel https://t.co/yey0RUxCUU,03/12/15,L'espace et l'agencement des sculptures entre elles faisait partie int√©grante du processus artistique de Brancusi #SocioNoel,03/12/15
6.723580738900255e+17,L'espace et l'agencement des sculptures entre elles faisait partie int√©grante du processus artistique de Brancusi #SocioNoel,03/12/15,Et cet ensemble sculptural est un hommage aux soldats roumains morts pendant la Premi√®re Guerre mondiale. #SocioNoel,03/12/15
6.723580738900255e+17,L'espace et l'agencement des sculptures entre elles faisait partie int√©grante du processus artistique de Brancusi #SocioNoel,03/12/15,Elle partie d'un ensemble sculptural qui comporte aussi la Colonne sans fin et la Table du Silence #SocioNoel https://t.co/yey0RUxCUU,03/12/15
6.723580738900255e+17,L'espace et l'agencement des sculptures entre elles faisait partie int√©grante du processus artistique de Brancusi #SocioNoel,03/12/15,L'espace et l'agencement des sculptures entre elles faisait partie int√©grante du processus artistique de Brancusi #SocioNoel,03/12/15
6.734637793640899e+17,"Trouv√© et lu parfaitement par hasard, une veille d'expos√© d'un ami : √©clairant et agr√©able √† lire, un article de circonstances ! #SocioNoel",06/12/15,"Trouv√© et lu parfaitement par hasard, une veille d'expos√© d'un ami : √©clairant et agr√©able √† lire, un article de circonstances ! #SocioNoel",06/12/15
6.78963858652926e+17,&gt;&gt;&gt;&gt;&gt; J'ai oubli√© de mettre #SocioNoel !!!!,21/12/15,&gt;&gt;&gt;&gt;&gt; J'ai oubli√© de mettre #SocioNoel !!!!,21/12/15
6.74734801132331e+17,"#SocioNoel Pour changer des auteurs bien connus, un article d'une doctorante qui soutient bient√¥t sa th√®se.",10/12/15,"#SocioNoel Pour changer des auteurs bien connus, un article d'une doctorante qui soutient bient√¥t sa th√®se.",10/12/15
6.79050781585236e+17,"Pour pouvoir avoir deux vainqueurs, je ne dirai logiquement pas si vous avez la bonne r√©ponse (c'est le cas de personne pr le moment hein)",21/12/15,"Pour pouvoir avoir deux vainqueurs, je ne dirai logiquement pas si vous avez la bonne r√©ponse (c'est le cas de personne pr le moment hein)",21/12/15
6.749355247554314e+17,#SocioNoel Des lectures plut√¥t faciles et agr√©ables pour d√©couvrir des aspects de la socio de Bourdieu.,10/12/15,#SocioNoel Des lectures plut√¥t faciles et agr√©ables pour d√©couvrir des aspects de la socio de Bourdieu.,10/12/15
6.745862244395336e+17,"#SocioNoel Je suis pas convaincu par tout, ms je trouve que c'est une synth√®se tr√®s agr√©able √† lire qui aborde pas mal de d√©bats th√©oriques",09/12/15,"#SocioNoel Je suis pas convaincu par tout, ms je trouve que c'est une synth√®se tr√®s agr√©able √† lire qui aborde pas mal de d√©bats th√©oriques",09/12/15
6.752229835275182e+17,@Lil_RoXaNe est-ce que les livres que tu pr√©sentes en #SocioNoel sont abordables par des n√©ophytes ?,11/12/15,@Lil_RoXaNe est-ce que les livres que tu pr√©sentes en #SocioNoel sont abordables par des n√©ophytes ?,11/12/15
6.724995956085064e+17,"#LT Aujourd'hui, on voit le film charg√© de son mythe et de son univers. On le voit charg√© de tout le TRAVAIL r√©alis√© autour.",03/12/15,"#LT Aujourd'hui, on voit le film charg√© de son mythe et de son univers. On le voit charg√© de tout le TRAVAIL r√©alis√© autour.",03/12/15
6.738853865281741e+17,"@Comtesse_Leia Voil√†. Et puis, je suis pas s√ªr que Lahire accorde tant de poids que √ßa √† l'incertitude (et j'ai tendance √† √™tre plut√¥t",07/12/15,"@Comtesse_Leia Voil√†. Et puis, je suis pas s√ªr que Lahire accorde tant de poids que √ßa √† l'incertitude (et j'ai tendance √† √™tre plut√¥t",07/12/15
6.724214030529126e+17,"#SocioNoel sur la r√©ception de la socio, sur les notions de carri√®res ou de trajectoires, sur la socio de la jeunesse, de la d√©viance,...",03/12/15,"#SocioNoel sur la r√©ception de la socio, sur les notions de carri√®res ou de trajectoires, sur la socio de la jeunesse, de la d√©viance,...",03/12/15
6.731632519292273e+17,"@bfontn d√©sol√©e pr le retard euh ""les f√©ministes et le gar√ßon arabe"" par ex",06/12/15,"@bfontn d√©sol√©e pr le retard euh ""les f√©ministes et le gar√ßon arabe"" par ex",06/12/15
6.745713864893399e+17,@PierreMontorier Ok. Je te le mets de c√¥t√© ! Cadeau #SocioNoel üòâ,09/12/15,@PierreMontorier Ok. Je te le mets de c√¥t√© ! Cadeau #SocioNoel üòâ,09/12/15
6.731836125195059e+17,@Silmalia #SocioNoel 2 Le Raisonnement sociologique. L'espace non-popp√©rien du raisonnement naturel. King Passeron,05/12/15,@Silmalia #SocioNoel 2 Le Raisonnement sociologique. L'espace non-popp√©rien du raisonnement naturel. King Passeron,05/12/15
6.731836125195059e+17,@Silmalia #SocioNoel 2 Le Raisonnement sociologique. L'espace non-popp√©rien du raisonnement naturel. King Passeron,05/12/15,"@Silmalia #SocioNoel 3 De la souillure, Mary Douglas. Pour la r√©flexion sur ce qui est acceptable.",05/12/15
6.731836125195059e+17,"@Silmalia #SocioNoel 3 De la souillure, Mary Douglas. Pour la r√©flexion sur ce qui est acceptable.",05/12/15,@Silmalia #SocioNoel 2 Le Raisonnement sociologique. L'espace non-popp√©rien du raisonnement naturel. King Passeron,05/12/15
6.731836125195059e+17,"@Silmalia #SocioNoel 3 De la souillure, Mary Douglas. Pour la r√©flexion sur ce qui est acceptable.",05/12/15,"@Silmalia #SocioNoel 3 De la souillure, Mary Douglas. Pour la r√©flexion sur ce qui est acceptable.",05/12/15
6.746847002801029e+17,"10 ""Beaut√© Fatale. Les nouveaux visages d'une ali√©nation f√©minine"", essai de Mona Chollet. Libre lecture&gt; https://t.co/Dw3A5JjpWy #SocioNoel",10/12/15,"10 ""Beaut√© Fatale. Les nouveaux visages d'une ali√©nation f√©minine"", essai de Mona Chollet. Libre lecture&gt; https://t.co/Dw3A5JjpWy #SocioNoel",10/12/15
6.738832555281408e+17,@sociosauvage J'avais compris la cible :),07/12/15,@sociosauvage J'avais compris la cible :),07/12/15
6.71674675806761e+17,"#SocioNoel Ensuite, sans √™tre un grand th√©oricien, il d√©veloppe plein de petits trucs assez indispensables pour penser le monde social.",01/12/15,"#SocioNoel Ensuite, sans √™tre un grand th√©oricien, il d√©veloppe plein de petits trucs assez indispensables pour penser le monde social.",01/12/15
6.73875366293975e+17,@sociosauvage √† plat.,07/12/15,@sociosauvage √† plat.,07/12/15
6.73964356124717e+17,"Le prochain qui se la ram√®ne sur les m√©dias et le FN, je lui balance la Machine √† influencer de Brooke Gladstone dans la gueule #socioNoel",07/12/15,"Le prochain qui se la ram√®ne sur les m√©dias et le FN, je lui balance la Machine √† influencer de Brooke Gladstone dans la gueule #socioNoel",07/12/15
6.795923805220823e+17,"#SocioNo√´l, 24/12 : L. Achilli, ""Palestinian Refugees and Identity"" ; I. Joseph / Y. Grafmeyer, ""L'√©cole de Chicago"" https://t.co/m3J4KaouoX",24/12/15,"#SocioNo√´l, 24/12 : L. Achilli, ""Palestinian Refugees and Identity"" ; I. Joseph / Y. Grafmeyer, ""L'√©cole de Chicago"" https://t.co/m3J4KaouoX",24/12/15
6.801397804039373e+17,"23- ""Le mythe de l'individu"" de Miguel Benasayag. La philosophie produit d'excellentes sciences sociales. #SocioNoel https://t.co/GWv4lnM7mX",24/12/15,"23- ""Le mythe de l'individu"" de Miguel Benasayag. La philosophie produit d'excellentes sciences sociales. #SocioNoel https://t.co/GWv4lnM7mX",24/12/15
6.801415163969782e+17,"24- ""Un si fragile vernis d'humanit√©"", M. Terestchenko. Si je ne devais qu'avoir 1 seul livre... #SocioNoel https://t.co/R1nfFglDvJ",24/12/15,"24- ""Un si fragile vernis d'humanit√©"", M. Terestchenko. Si je ne devais qu'avoir 1 seul livre... #SocioNoel https://t.co/R1nfFglDvJ",24/12/15
6.760189721779077e+17,"#SocioNo√´l, 14/12 : Daniel Cefa√Ø, ""Making Sense of Politics in Public Spaces"" (dans ""Schutzian Social Science). https://t.co/OMSPVNnEiq",14/12/15,"#SocioNo√´l, 14/12 : Daniel Cefa√Ø, ""Making Sense of Politics in Public Spaces"" (dans ""Schutzian Social Science). https://t.co/OMSPVNnEiq",14/12/15
6.80142590969299e+17,"25- Pour finir. Sur la notion d'√©pist√©micide de Sousa de Santos: ""Espist√©micides"" de Fatima Khemilat &gt; https://t.co/UigoGFDP0b #SocioNoel",24/12/15,"25- Pour finir. Sur la notion d'√©pist√©micide de Sousa de Santos: ""Espist√©micides"" de Fatima Khemilat &gt; https://t.co/UigoGFDP0b #SocioNoel",24/12/15
6.854928710263726e+17,"que musulmans dont aucun n'a su totalement repousser cet h√©ritage""",08/01/16,"que musulmans dont aucun n'a su totalement repousser cet h√©ritage""",08/01/16
6.799757547346452e+17,Je voudrais me fendre d'une petite postface √† cette liste de #SocioNo√´l pour qu'elle soit enti√®re avec un texte qui me fait pas sourire.,24/12/15,Je voudrais me fendre d'une petite postface √† cette liste de #SocioNo√´l pour qu'elle soit enti√®re avec un texte qui me fait pas sourire.,24/12/15
6.718267706105528e+17,"2- ""Femmes, race et classe""; de Angela Davis. Magistral par sa m√©thode d'analyse et sa clart√©. #SocioNoel https://t.co/doJfxxu1Hx",02/12/15,"2- ""Femmes, race et classe""; de Angela Davis. Magistral par sa m√©thode d'analyse et sa clart√©. #SocioNoel https://t.co/doJfxxu1Hx",02/12/15
6.748863350360433e+17,Article plut√¥t synth√©tique expliquant ce qu'on peut √©tudier au niveau du journalisme quant au genre.,10/12/15,Article plut√¥t synth√©tique expliquant ce qu'on peut √©tudier au niveau du journalisme quant au genre.,10/12/15
6.801385134346895e+17,"22- ""Je chante le corps critique. Les usages politiques du corps"", Excellent essai de Claude Guillon. #SocioNoel https://t.co/RoFw372iUM",24/12/15,"22- ""Je chante le corps critique. Les usages politiques du corps"", Excellent essai de Claude Guillon. #SocioNoel https://t.co/RoFw372iUM",24/12/15
6.727303551583969e+17,.@Amalasonthe je propose aussi un #PhiloNo√´l pour √©viter √† des pauvres gens de recevoir du Onfray... Cc @lissytsa @Spinomade etc...,06/12/15,.@Amalasonthe je propose aussi un #PhiloNo√´l pour √©viter √† des pauvres gens de recevoir du Onfray... Cc @lissytsa @Spinomade etc...,06/12/15
6.771540362405478e+17,@sophie_pallas je me la p√®te mais en fait j'ai lu ce livre ce qui fait un super #SocioNoel √† conseiller #transition https://t.co/wJS45JNNie,16/12/15,@sophie_pallas je me la p√®te mais en fait j'ai lu ce livre ce qui fait un super #SocioNoel √† conseiller #transition https://t.co/wJS45JNNie,16/12/15
6.720270084828692e+17,"#SocioNoel M√™me si avec le temps j'ai pris quelques distances avec Beaud et ""l'√©cole de Jourdan"", √ßa reste un tr√®s bon livre pour d√©couvrir",02/12/15,"#SocioNoel M√™me si avec le temps j'ai pris quelques distances avec Beaud et ""l'√©cole de Jourdan"", √ßa reste un tr√®s bon livre pour d√©couvrir",02/12/15
6.749033327256371e+17,#SocioNo√´l Romans tr√®s int√©ressants sur les transfuges de classe : En finir avec Eddy Bellegueule (E Louis) et Retour √† Reims (D Eribon),10/12/15,#SocioNo√´l Romans tr√®s int√©ressants sur les transfuges de classe : En finir avec Eddy Bellegueule (E Louis) et Retour √† Reims (D Eribon),10/12/15
6.738682705885307e+17,@Comtesse_Leia Je sais pas √† quoi tu r√©ponds. L'itw crois√©e Lahire/Orl√©an ?,07/12/15,@Comtesse_Leia Je sais pas √† quoi tu r√©ponds. L'itw crois√©e Lahire/Orl√©an ?,07/12/15
6.752562599401144e+17,"#SocioNo√´l, 12/12 : St√©phanie Dechezelles, ""Visages et usages de l‚Äô'extr√™me droite' en Italie."" https://t.co/BQb1Z8ZFAU",12/12/15,"#SocioNo√´l, 12/12 : St√©phanie Dechezelles, ""Visages et usages de l‚Äô'extr√™me droite' en Italie."" https://t.co/BQb1Z8ZFAU",12/12/15
6.745470585278382e+17,-je tweet des oeuvres d'art sur #SocioNoel qui est un hashtag regroupant des conseils de lectures d'ouvrages socio #logique,09/12/15,-je tweet des oeuvres d'art sur #SocioNoel qui est un hashtag regroupant des conseils de lectures d'ouvrages socio #logique,09/12/15
6.767751123062538e+17,#SocioNoel Pour une pr√©sentation en fran√ßais par Liora Isra√´l : https://t.co/BN5hW34eu4 (pas encore en libre acc√®s :( ).,15/12/15,#SocioNoel Pour une pr√©sentation en fran√ßais par Liora Isra√´l : https://t.co/BN5hW34eu4 (pas encore en libre acc√®s :( ).,15/12/15
6.723553928239514e+17,#LT #SocioNoel Bon je triche un peu c'est de la philo,03/12/15,#LT #SocioNoel Bon je triche un peu c'est de la philo,03/12/15
6.731038165611602e+17,"-expressionniste Der Sturm en 1913 (en ""surbrillance"") : https://t.co/6xShD0H1eg  #SocioNoel",05/12/15,"-expressionniste Der Sturm en 1913 (en ""surbrillance"") : https://t.co/6xShD0H1eg  #SocioNoel",05/12/15
6.731038165611602e+17,"-expressionniste Der Sturm en 1913 (en ""surbrillance"") : https://t.co/6xShD0H1eg  #SocioNoel",05/12/15,"#SocioNoel Donc le texte est ""Les Origines de la peinture contemporaine et sa valeur repr√©sentative"" de Fernand L√©ger parut ds le magazine-",05/12/15
6.731038165611602e+17,"#SocioNoel Donc le texte est ""Les Origines de la peinture contemporaine et sa valeur repr√©sentative"" de Fernand L√©ger parut ds le magazine-",05/12/15,"-expressionniste Der Sturm en 1913 (en ""surbrillance"") : https://t.co/6xShD0H1eg  #SocioNoel",05/12/15
6.731038165611602e+17,"#SocioNoel Donc le texte est ""Les Origines de la peinture contemporaine et sa valeur repr√©sentative"" de Fernand L√©ger parut ds le magazine-",05/12/15,"#SocioNoel Donc le texte est ""Les Origines de la peinture contemporaine et sa valeur repr√©sentative"" de Fernand L√©ger parut ds le magazine-",05/12/15
6.718263925485732e+17,"1- ""Voyage de Classes"" de Nicolas Jounin. Excellente vulgarisation des m√©thodes d'enqu√™te. D√©roulez l√† &gt; https://t.co/J0nUFXPUFH #SocioNoel",02/12/15,"1- ""Voyage de Classes"" de Nicolas Jounin. Excellente vulgarisation des m√©thodes d'enqu√™te. D√©roulez l√† &gt; https://t.co/J0nUFXPUFH #SocioNoel",02/12/15
6.720063748098007e+17,@AAulagnier @louriealexandre #SocioNoel Hier j'ai confectionn√© une d√©licieuse SAUCE AU LOGIS d'un ami (c'√©tait une b√©chamel),02/12/15,@AAulagnier @louriealexandre #SocioNoel Hier j'ai confectionn√© une d√©licieuse SAUCE AU LOGIS d'un ami (c'√©tait une b√©chamel),02/12/15
6.724994240488858e+17,#LT Il faut rappeler un truc : le film qu'on vu les premiers spectateurs de SW n'est pas le film qu'on voit depuis.,03/12/15,#LT Il faut rappeler un truc : le film qu'on vu les premiers spectateurs de SW n'est pas le film qu'on voit depuis.,03/12/15
6.725004268776243e+17,"#LT Voir Shakespeare comme une ""grande oeuvre"" a √©t√© le r√©sultat d'un travail de (re)qualification, de production de la haute culture.",03/12/15,"#LT Voir Shakespeare comme une ""grande oeuvre"" a √©t√© le r√©sultat d'un travail de (re)qualification, de production de la haute culture.",03/12/15
6.793538411843338e+17,#SocioNoel Un article publi√© dans un Raisons Politiques sur le corps pr√©sidentiable et notamment sur la virilit√© comme ressource pol,22/12/15,#SocioNoel Un article publi√© dans un Raisons Politiques sur le corps pr√©sidentiable et notamment sur la virilit√© comme ressource pol,22/12/15
6.799512922786734e+17,"#SocioNoel 24/12 en tant que sociologue et joueur de tennis, je ne pouvais que finir par ce tr√®s joli travail.. https://t.co/MasbYiJorz",24/12/15,"#SocioNoel 24/12 en tant que sociologue et joueur de tennis, je ne pouvais que finir par ce tr√®s joli travail.. https://t.co/MasbYiJorz",24/12/15
6.716729392139223e+17,"#SocioNoel Pour dire 2 mots du choix du jour. D√©j√† Howie, capital sympathie 200%. C'est le swag sociologique par excellence.",01/12/15,"#SocioNoel Pour dire 2 mots du choix du jour. D√©j√† Howie, capital sympathie 200%. C'est le swag sociologique par excellence.",01/12/15
6.757611032851333e+17,"13- ""Jeunesses Fran√ßaises. Bac+5 made in banlieue"", Truong. C'est aussi un portrait de la &lt;m√©ritocratie&gt;. #SocioNoel https://t.co/Shm2lCUdtU",13/12/15,"13- ""Jeunesses Fran√ßaises. Bac+5 made in banlieue"", Truong. C'est aussi un portrait de la &lt;m√©ritocratie&gt;. #SocioNoel https://t.co/Shm2lCUdtU",13/12/15
6.725014540794593e+17,"#LT De la m√™me fa√ßon que pour le Soulier Satin, il a fallut produire un public capable de rester assis pendant 12h.",03/12/15,"#LT De la m√™me fa√ßon que pour le Soulier Satin, il a fallut produire un public capable de rester assis pendant 12h.",03/12/15
6.767200152913592e+17,@DamienDole et je crois m√™me que @Uneheuredepeine doit avoir la liste compl√®te quelque part et qu'il l'actualise r√©guli√®rement.,15/12/15,@DamienDole et je crois m√™me que @Uneheuredepeine doit avoir la liste compl√®te quelque part et qu'il l'actualise r√©guli√®rement.,15/12/15
6.74886629165826e+17,"#SocioNoel, Jour 10.  Saitta &amp; al. La f√©minisation du journalisme politique dans les quotidiens nationaux fran√ßais : https://t.co/wSt3ahHOwA",10/12/15,"#SocioNoel, Jour 10.  Saitta &amp; al. La f√©minisation du journalisme politique dans les quotidiens nationaux fran√ßais : https://t.co/wSt3ahHOwA",10/12/15
6.723566767255511e+17,"#LT #SocioNoel Mais il utilise des livres de psychologues social, d'historiens... pour s'interroger sur la conduite humaine",03/12/15,"#LT #SocioNoel Mais il utilise des livres de psychologues social, d'historiens... pour s'interroger sur la conduite humaine",03/12/15
6.723569107425075e+17,@Uneheuredepeine @Ed_LaDecouverte j‚Äôesp√®re qu‚Äôils vont nous offrir des livres.,03/12/15,@Uneheuredepeine @Ed_LaDecouverte j‚Äôesp√®re qu‚Äôils vont nous offrir des livres.,03/12/15
6.713600411365581e+17,@CobbleAndFrame #SocioNoel Ce fut une excellente id√©e et un vrai plaisir ! Merci et bonne fin d'ann√©e !,24/12/15,@CobbleAndFrame #SocioNoel Ce fut une excellente id√©e et un vrai plaisir ! Merci et bonne fin d'ann√©e !,24/12/15
6.738722231329014e+17,@sociosauvage de ce qui devrait ou pourrait √™tre dit √† partir du reste de ce qui est avanc√©,07/12/15,@sociosauvage de ce qui devrait ou pourrait √™tre dit √† partir du reste de ce qui est avanc√©,07/12/15
6.788442806187909e+17,"#SocioNo√´l, 21/12 : Mohamed Kamel Dora√Ø, ""Les r√©fugi√©s palestiniens du Liban, une g√©ographie de l'exil"" https://t.co/z5EsN7lfti",22/12/15,"#SocioNo√´l, 21/12 : Mohamed Kamel Dora√Ø, ""Les r√©fugi√©s palestiniens du Liban, une g√©ographie de l'exil"" https://t.co/z5EsN7lfti",22/12/15
6.728355781787402e+17,@Phangere Pour #SocioNoel : sois b√©ni.,04/12/15,@Phangere Pour #SocioNoel : sois b√©ni.,04/12/15
6.774418745300378e+17,"@laspic Non. En tout cas, j'ai toujours lu que non et jamais vu √©voqu√© la moindre th√®se en socio.",17/12/15,"@laspic Non. En tout cas, j'ai toujours lu que non et jamais vu √©voqu√© la moindre th√®se en socio.",17/12/15
6.771527171780157e+17,"@sophie_pallas Pour les bo√Ætes vides et la question du d√©terminisme, c'est 1) d'une part une limitation scientifique de prouver une libert√©",16/12/15,"@sophie_pallas Pour les bo√Ætes vides et la question du d√©terminisme, c'est 1) d'une part une limitation scientifique de prouver une libert√©",16/12/15
6.725116286892114e+17,"4- ""Classer, Dominer. Qui sont les &lt;autres&gt; ?"", Christine Delphy. Essai d'excellente qualit√©. En pdf: https://t.co/M558vFeebE #SocioNoel",04/12/15,"4- ""Classer, Dominer. Qui sont les &lt;autres&gt; ?"", Christine Delphy. Essai d'excellente qualit√©. En pdf: https://t.co/M558vFeebE #SocioNoel",04/12/15
6.77148422017835e+17,"C'est √©galement, je trouve, pr√©senter les humains co des boites vides, qui int√©rioriseraient des trucs qu'il faudrait ensuite faire sortir.",16/12/15,"C'est √©galement, je trouve, pr√©senter les humains co des boites vides, qui int√©rioriseraient des trucs qu'il faudrait ensuite faire sortir.",16/12/15
6.793509487587123e+17,"#SocioNo√´l, 23/12 : Nicolas Puig et Kamel Dora√Ø (dir) : ""L‚Äôurbanit√© des marges"" https://t.co/vkPqU0Hd8V",23/12/15,"#SocioNo√´l, 23/12 : Nicolas Puig et Kamel Dora√Ø (dir) : ""L‚Äôurbanit√© des marges"" https://t.co/vkPqU0Hd8V",23/12/15
6.79992876126892e+17,#LT Admiratif : https://t.co/7danaMaN25 Lyrique : https://t.co/sSYd1O9Qbi Na√Øf : https://t.co/pNPFgN7N8S #SocioNoel,24/12/15,#LT Admiratif : https://t.co/7danaMaN25 Lyrique : https://t.co/sSYd1O9Qbi Na√Øf : https://t.co/pNPFgN7N8S #SocioNoel,24/12/15
6.757983611826053e+17,@KarlyKamus pourquoi litte?,12/12/15,@KarlyKamus pourquoi litte?,12/12/15
6.738740932303954e+17,"@sociosauvage pas abouti au fait qu'il y a des incertitudes plus incertaines que d'autres, et √† construire des instruments pour les classer",07/12/15,"@sociosauvage pas abouti au fait qu'il y a des incertitudes plus incertaines que d'autres, et √† construire des instruments pour les classer",07/12/15
6.749174386984796e+17,"#SocioNo√´l, 11/12 : Le num√©ro de ""Mobilization"" sur l'espace et les mobilisations. https://t.co/WwRjqEsK3P https://t.co/au9J4BQWIE",11/12/15,"#SocioNo√´l, 11/12 : Le num√©ro de ""Mobilization"" sur l'espace et les mobilisations. https://t.co/WwRjqEsK3P https://t.co/au9J4BQWIE",11/12/15
6.723347421514301e+17,"#SocioNo√´l, 4/12, Camille Hamidi, ""El√©ments pour une approche interactionniste de la politisation"" https://t.co/AHVIhM89x4",04/12/15,"#SocioNo√´l, 4/12, Camille Hamidi, ""El√©ments pour une approche interactionniste de la politisation"" https://t.co/AHVIhM89x4",04/12/15
6.745305629761946e+17,"Et pour vous monter √† quel point le ciel √©tait important pour Constable, petite citation #SocioNoel https://t.co/EDPvmGoyMQ",09/12/15,"Et pour vous monter √† quel point le ciel √©tait important pour Constable, petite citation #SocioNoel https://t.co/EDPvmGoyMQ",09/12/15
6.805110447966003e+17,@Phangere ‚Ä¶et j‚Äôai offert ‚ÄúQuestions de Sociologie‚Äù (Bourdieu) trouv√© via #SocioNoel,25/12/15,@Phangere ‚Ä¶et j‚Äôai offert ‚ÄúQuestions de Sociologie‚Äù (Bourdieu) trouv√© via #SocioNoel,25/12/15
6.793498891852268e+17,"#SocioNo√´l, 22/12 : Mayssun Sukarieh et Stuart Tannock, ""On the Problem of Over-researched Communities"" https://t.co/fJcgMT4DTW",22/12/15,"#SocioNo√´l, 22/12 : Mayssun Sukarieh et Stuart Tannock, ""On the Problem of Over-researched Communities"" https://t.co/fJcgMT4DTW",22/12/15
6.745709464354857e+17,"@bbarbusse je dis oui. Je finis ""Champion dans la t√™te"" et je prends https://t.co/qMJOiw6RTl",09/12/15,"@bbarbusse je dis oui. Je finis ""Champion dans la t√™te"" et je prends https://t.co/qMJOiw6RTl",09/12/15
6.734687625831178e+17,"#SocioNo√´l, 7/12 : Laurent Th√©venot, ""L'action au pluriel, Sociologie des r√©gimes d'engagement"" https://t.co/ot8XyZFIt2",07/12/15,"#SocioNo√´l, 7/12 : Laurent Th√©venot, ""L'action au pluriel, Sociologie des r√©gimes d'engagement"" https://t.co/ot8XyZFIt2",07/12/15
6.790204540619735e+17,"@sarahdrb et ""Pays de Malheur"" du m√™me auteur. Puissants et tr√®s r√©v√©lateurs. La force de la sociologie. #SocioNoel",21/12/15,"@sarahdrb et ""Pays de Malheur"" du m√™me auteur. Puissants et tr√®s r√©v√©lateurs. La force de la sociologie. #SocioNoel",21/12/15
6.80129913576403e+17,16- bell hooks - We Real Cool: Black Men and Masculinity (2004). Version anglaise en pdf &gt; https://t.co/9p6utfCh1F  #SocioNoel,24/12/15,16- bell hooks - We Real Cool: Black Men and Masculinity (2004). Version anglaise en pdf &gt; https://t.co/9p6utfCh1F  #SocioNoel,24/12/15
6.720341818248315e+17,Surveiller &amp; Punir de Jean-Pierre Foucault (sic un M1 AES je m'en remet toujours pas) #SocioNoel,02/12/15,Surveiller &amp; Punir de Jean-Pierre Foucault (sic un M1 AES je m'en remet toujours pas) #SocioNoel,02/12/15
6.723570198405939e+17,"@Melusine_2 @Uneheuredepeine @Ed_LaDecouverte Je comptais leur faire la demande en J14, J15. Le temps qu'ils s'y fassent.",03/12/15,"@Melusine_2 @Uneheuredepeine @Ed_LaDecouverte Je comptais leur faire la demande en J14, J15. Le temps qu'ils s'y fassent.",03/12/15
6.745866843071857e+17,#SocioNoel et politiques qui ont travers√© le XX¬∞.,09/12/15,#SocioNoel et politiques qui ont travers√© le XX¬∞.,09/12/15
6.727632434258903e+17,#SocioNoel J'esp√®re que vous appr√©ciez √† sa juste valeur l'effort de coh√©rence et d'articulation entre ces diff√©rentes suggestions ;),04/12/15,#SocioNoel J'esp√®re que vous appr√©ciez √† sa juste valeur l'effort de coh√©rence et d'articulation entre ces diff√©rentes suggestions ;),04/12/15
6.72027733002711e+17,"#SocioNoel la socio. Et puis, il me permet de pr√©parer le #Day3 #Teaser",02/12/15,"#SocioNoel la socio. Et puis, il me permet de pr√©parer le #Day3 #Teaser",02/12/15
6.742940894084915e+17,"9- ""Figures de la r√©volution Africaine"", essai de Sa√Ød Bouamama. Libre lecture &gt; https://t.co/R4Z53rjhGy #SocioNoel https://t.co/Necw0DQWdo",09/12/15,"9- ""Figures de la r√©volution Africaine"", essai de Sa√Ød Bouamama. Libre lecture &gt; https://t.co/R4Z53rjhGy #SocioNoel https://t.co/Necw0DQWdo",09/12/15
6.797327883633951e+17,Nous sommes le 24 d√©cembre. C'est l'heure des r√©sultats. Je suis heureux de vous apprendre qu'il y a un vainqueur. :),24/12/15,Nous sommes le 24 d√©cembre. C'est l'heure des r√©sultats. Je suis heureux de vous apprendre qu'il y a un vainqueur. :),24/12/15
6.748865381619548e+17,"Du coup, une pierre deux coups :",10/12/15,"Du coup, une pierre deux coups :",10/12/15
6.738737874824724e+17,"@sociosauvage probabilit√©s depuis le XVII√®me si√®cle s'√©tait pas faite pr√©cis√©ment contre cette fa√ßon de concevoir l'incertitude, et avait",07/12/15,"@sociosauvage probabilit√©s depuis le XVII√®me si√®cle s'√©tait pas faite pr√©cis√©ment contre cette fa√ßon de concevoir l'incertitude, et avait",07/12/15
6.761447559238861e+17,"Je me suis rendu compte qu'il y avait peu de chercheuses jusqu'√† pr√©sent dans mon #SocioNoel, du coup je vais essayer de r√©√©quilibrer un peu",13/12/15,"Je me suis rendu compte qu'il y avait peu de chercheuses jusqu'√† pr√©sent dans mon #SocioNoel, du coup je vais essayer de r√©√©quilibrer un peu",13/12/15
6.716686225536655e+17,"@sociosauvage @Melusine_2 @Uneheuredepeine Si t'as le temps de te plaindre, t'as le temps de participer.",01/12/15,"@sociosauvage @Melusine_2 @Uneheuredepeine Si t'as le temps de te plaindre, t'as le temps de participer.",01/12/15
6.78889178130686e+17,Indice 2: L'auteurE n'a toujours pas √©t√© cit√©e dans Socio Noel,21/12/15,Indice 2: L'auteurE n'a toujours pas √©t√© cit√©e dans Socio Noel,21/12/15
6.771018715181138e+17,Han je suis d√©sol√©e j'ai lanc√© un d√©bat mais j'ai pas le temps de vous r√©pondre :/ je ferai peut-√™tre un rant plus tard ce soir,16/12/15,Han je suis d√©sol√©e j'ai lanc√© un d√©bat mais j'ai pas le temps de vous r√©pondre :/ je ferai peut-√™tre un rant plus tard ce soir,16/12/15
6.741711840833044e+17,"#SocioNo√´l, 9/12 : ""Bastardo"", un film de Nejib Belkadhi https://t.co/r9VH5AfzV8",09/12/15,"#SocioNo√´l, 9/12 : ""Bastardo"", un film de Nejib Belkadhi https://t.co/r9VH5AfzV8",09/12/15
6.788506444055839e+17,"@EditionsduSeuil #SocioNoel  3/ S. Chauvin @sebas_chauvin , Les agences de la pr√©carit√©. Journaliers √† Chicago https://t.co/wR8TItoGRi",21/12/15,"@EditionsduSeuil #SocioNoel  3/ S. Chauvin @sebas_chauvin , Les agences de la pr√©carit√©. Journaliers √† Chicago https://t.co/wR8TItoGRi",21/12/15
6.774401540432896e+17,"En retard, le #SocioNo√´l du 18/12 sera Julie Peteet, ""Landscapes of hope and despair"" https://t.co/YN78AL0RhW",18/12/15,"En retard, le #SocioNo√´l du 18/12 sera Julie Peteet, ""Landscapes of hope and despair"" https://t.co/YN78AL0RhW",18/12/15
6.717486324340531e+17,"@Lulle1 Max Weber : la cage d‚Äôacier du capitalisme, gr√¢ce √† @Nouveauxchemins sur @franceculture  #SocioNoel  https://t.co/4FfEH7KmpL",02/12/15,"@Lulle1 Max Weber : la cage d‚Äôacier du capitalisme, gr√¢ce √† @Nouveauxchemins sur @franceculture  #SocioNoel  https://t.co/4FfEH7KmpL",02/12/15
6.799906349676462e+17,#LT Gracieux : https://t.co/DcafeXJmmv Truculent : https://t.co/F9erUG3BUB #SocioNoel,24/12/15,#LT Gracieux : https://t.co/DcafeXJmmv Truculent : https://t.co/F9erUG3BUB #SocioNoel,24/12/15
6.80137229142995e+17,"21- ""La mis√®re du monde"", sous la direction de Bourdieu. Pav√© d'enqu√™tes passionnantes. #SocioNoel https://t.co/01FC31Xjzx",24/12/15,"21- ""La mis√®re du monde"", sous la direction de Bourdieu. Pav√© d'enqu√™tes passionnantes. #SocioNoel https://t.co/01FC31Xjzx",24/12/15
6.854934512370278e+17,"Si je l'avais lu avant, j'aurais rajout√© une r√©f√©rence √† mon #socionoel ! :D",08/01/16,"Si je l'avais lu avant, j'aurais rajout√© une r√©f√©rence √† mon #socionoel ! :D",08/01/16
6.793358987864883e+17,"#SocioNoel, Jour 22. Christine Bard - Genre et pouvoir √† la lumi√®re de l'histoire du f√©minisme :  https://t.co/eNG03wNg22",22/12/15,"#SocioNoel, Jour 22. Christine Bard - Genre et pouvoir √† la lumi√®re de l'histoire du f√©minisme :  https://t.co/eNG03wNg22",22/12/15
6.763158858884915e+17,"#SocioNo√´l, 15/12 : Luc Boltanski et Laurent Th√©venot, ""De la justification, les √©conomies de la grandeur"" https://t.co/q37W0RRF9O",15/12/15,"#SocioNo√´l, 15/12 : Luc Boltanski et Laurent Th√©venot, ""De la justification, les √©conomies de la grandeur"" https://t.co/q37W0RRF9O",15/12/15
6.716694999895245e+17,@CobbleAndFrame @Melusine_2 @Uneheuredepeine J'ai toujours le temps de me plaindre.,01/12/15,@CobbleAndFrame @Melusine_2 @Uneheuredepeine J'ai toujours le temps de me plaindre.,01/12/15
6.73883901144748e+17,"@sociosauvage ""le c≈ìur de toute action"" comme dit Lahire en parlant des ""pragmatistes"" et penser que les propositions des ""pragmatistes""",07/12/15,"@sociosauvage ""le c≈ìur de toute action"" comme dit Lahire en parlant des ""pragmatistes"" et penser que les propositions des ""pragmatistes""",07/12/15
6.73888069079167e+17,@sociosauvage J'attends #SocioNoel jour 8 pour proposer un truc sur la question de l'incertitude alors,07/12/15,@sociosauvage J'attends #SocioNoel jour 8 pour proposer un truc sur la question de l'incertitude alors,07/12/15
6.716710192670351e+17,Plan du livre. Et la proposition 0: Tout pouvoir symbolique ajoute sa force propre aux rapports de force #SocioNoel https://t.co/pNHutX8Rkp,01/12/15,Plan du livre. Et la proposition 0: Tout pouvoir symbolique ajoute sa force propre aux rapports de force #SocioNoel https://t.co/pNHutX8Rkp,01/12/15
6.80510465085182e+17,"@Phangere La reproduction (Bourdieu/Passeron), Outsiders (Becker) + 4 autres qui arriveront en retard dont je n‚Äôai pas les titres (surprise)",25/12/15,"@Phangere La reproduction (Bourdieu/Passeron), Outsiders (Becker) + 4 autres qui arriveront en retard dont je n‚Äôai pas les titres (surprise)",25/12/15
6.720519336209203e+17,"Voici, en quatre paragraphes, la traduction du livre de Parsons 3/4 #SocioNo√´l https://t.co/Fyr0CBCPUK",02/12/15,"Voici, en quatre paragraphes, la traduction du livre de Parsons 3/4 #SocioNo√´l https://t.co/Fyr0CBCPUK",02/12/15
6.719980908916654e+17,@AAulagnier Cherchais-tu √† affuter ton physique en vue d'un √©t√© au soleil ? #inshape,02/12/15,@AAulagnier Cherchais-tu √† affuter ton physique en vue d'un √©t√© au soleil ? #inshape,02/12/15
6.738849176721244e+17,@sociosauvage Du coup je trouve que son propos √† cet endroit pr√©cis est un peu faible m√™me si le format est assez contraignant c'est vrai,07/12/15,@sociosauvage Du coup je trouve que son propos √† cet endroit pr√©cis est un peu faible m√™me si le format est assez contraignant c'est vrai,07/12/15
6.771237464073175e+17,"Bon je vais d√©tailler un peu plus. 1. Ce qui me g√™ne dans ""misogynie int√©rioris√©"" : √ßa v√©hicule l'id√©e que l'on naitrait vierge, sans-",16/12/15,"Bon je vais d√©tailler un peu plus. 1. Ce qui me g√™ne dans ""misogynie int√©rioris√©"" : √ßa v√©hicule l'id√©e que l'on naitrait vierge, sans-",16/12/15
6.738829585043292e+17,@Comtesse_Leia (en particulier Boltanski) et pas une discussion g√©n√©rale sur la notion d'incertitude.,07/12/15,@Comtesse_Leia (en particulier Boltanski) et pas une discussion g√©n√©rale sur la notion d'incertitude.,07/12/15
6.724202167359693e+17,#SocioNoel logique qui organise le choix des livres et qui s'articulent parfaitement ensemble ;),03/12/15,#SocioNoel logique qui organise le choix des livres et qui s'articulent parfaitement ensemble ;),03/12/15
6.805052048449454e+17,"@Phangere Pareil, mais pour une demi-douzaine de bouquins :)",25/12/15,"@Phangere Pareil, mais pour une demi-douzaine de bouquins :)",25/12/15
6.720345316088013e+17,L'Esprit Cosmopolite de Vincenzo Cicchelli #SocioNoel,02/12/15,L'Esprit Cosmopolite de Vincenzo Cicchelli #SocioNoel,02/12/15
6.799920837431419e+17,#LT Cavalier : https://t.co/yjSc8JcYhm Emphatique : https://t.co/LGv0KUXM9O Dramatique : https://t.co/NuHwXEGd58 #SocioNoel,24/12/15,#LT Cavalier : https://t.co/yjSc8JcYhm Emphatique : https://t.co/LGv0KUXM9O Dramatique : https://t.co/NuHwXEGd58 #SocioNoel,24/12/15
6.715963211161313e+17,"#SocioNo√´l, 2 d√©cembre : un ""classique"" souvent mal connu des √©tudiants, ""La m√©moire collective"", Maurice Halbwachs https://t.co/mFWpB9CRcq",02/12/15,"#SocioNo√´l, 2 d√©cembre : un ""classique"" souvent mal connu des √©tudiants, ""La m√©moire collective"", Maurice Halbwachs https://t.co/mFWpB9CRcq",02/12/15
6.731918981573427e+17,"@CobbleAndFrame @Uneheuredepeine (eh merde, j'ai cram√© un bouquin pour #SocioNoel !!) (et en vrai, merci pour les encouragements ^^)",05/12/15,"@CobbleAndFrame @Uneheuredepeine (eh merde, j'ai cram√© un bouquin pour #SocioNoel !!) (et en vrai, merci pour les encouragements ^^)",05/12/15
6.731856238266327e+17,@Silmalia #SocioNoel 5 Le temps donn√© aux tableaux: compte rendu d'une enqu√™te au Mus√©e Granet. Passeron &amp; Pedler pr le g√©nie de la m√©thode,05/12/15,@Silmalia #SocioNoel 5 Le temps donn√© aux tableaux: compte rendu d'une enqu√™te au Mus√©e Granet. Passeron &amp; Pedler pr le g√©nie de la m√©thode,05/12/15
6.735475109636915e+17,"#SocioNoel Jai d√©couvert ce livre quand j'√©tais en 1√®re ann√©e de m√©decine, c'est un de ceux qui m'a fait m'int√©resser aux sciences humaines",06/12/15,"#SocioNoel Jai d√©couvert ce livre quand j'√©tais en 1√®re ann√©e de m√©decine, c'est un de ceux qui m'a fait m'int√©resser aux sciences humaines",06/12/15
6.854921394977997e+17,"Mais l'ensemble est extr√™mement instructif et stimulant, pr√©cis, modeste et prudent dans les hypoth√®ses aussi",08/01/16,"Mais l'ensemble est extr√™mement instructif et stimulant, pr√©cis, modeste et prudent dans les hypoth√®ses aussi",08/01/16
6.731868513357701e+17,@Uneheuredepeine @sociobd Pas assez.,05/12/15,@Uneheuredepeine @sociobd Pas assez.,05/12/15
6.753484569286164e+17,Lib√©ration animale et v√©g√©tarisation du monde - Ethnologie de l'antisp√©cisme fran√ßais #SocioNoel --&gt; le sommaire https://t.co/Wu0CHt67XP,11/12/15,Lib√©ration animale et v√©g√©tarisation du monde - Ethnologie de l'antisp√©cisme fran√ßais #SocioNoel --&gt; le sommaire https://t.co/Wu0CHt67XP,11/12/15
6.728751881203261e+17,"5- ""La force de l'ordre. Anthropologie de la police des quartiers"", D. Fassin. Adapt√© au &lt;climat&gt; actuel. #SocioNoel https://t.co/rXGobq4H8S",05/12/15,"5- ""La force de l'ordre. Anthropologie de la police des quartiers"", D. Fassin. Adapt√© au &lt;climat&gt; actuel. #SocioNoel https://t.co/rXGobq4H8S",05/12/15
6.71625010725933e+17,"de l'invention de la country music en passant par le th√© marocain et les macdo, nos r√©flexes identitaires y sont bien √©trill√©s #SocioNoel",01/12/15,"de l'invention de la country music en passant par le th√© marocain et les macdo, nos r√©flexes identitaires y sont bien √©trill√©s #SocioNoel",01/12/15
6.771485934726103e+17,"Je peux pas envisager les rapports sociaux comme √ßa. On les construit, on y participe, on est agent et pas de pures entit√©s passives.",16/12/15,"Je peux pas envisager les rapports sociaux comme √ßa. On les construit, on y participe, on est agent et pas de pures entit√©s passives.",16/12/15
6.756967239358136e+17,"Allez, on ajoute le hashtag #SocioNo√´l, j'aimerais vraiment lire √ßa",12/12/15,"Allez, on ajoute le hashtag #SocioNo√´l, j'aimerais vraiment lire √ßa",12/12/15
6.799902895918653e+17,#LT Descriptif : https://t.co/nVbLlEmO45 (chapitre sur la description) Curieux : https://t.co/OcfPzdMOhl #SocioNoel,24/12/15,#LT Descriptif : https://t.co/nVbLlEmO45 (chapitre sur la description) Curieux : https://t.co/OcfPzdMOhl #SocioNoel,24/12/15
6.785364784781763e+17,"#SocioNo√´l, 21/12 : Diana Allan, ""Refugees of the revolution, Experiences of Palestinian exile"" https://t.co/f4OhIzZhHH",21/12/15,"#SocioNo√´l, 21/12 : Diana Allan, ""Refugees of the revolution, Experiences of Palestinian exile"" https://t.co/f4OhIzZhHH",21/12/15
6.734983438977516e+17,"#SocioNoel Et allez fouiller dans la liste des autres twittos, vous trouverez la r√©f√©rence de son bouquin de r√©f√©rence : Le cens cach√©.",06/12/15,"#SocioNoel Et allez fouiller dans la liste des autres twittos, vous trouverez la r√©f√©rence de son bouquin de r√©f√©rence : Le cens cach√©.",06/12/15
6.771482381521306e+17,"socialisation initiale, ds un √©tat ""naturel"", ce que je pense faux. A partir du moment m√™me o√π vs naissez ""fille"" vs √™tes d√©j√† ds le social",16/12/15,"socialisation initiale, ds un √©tat ""naturel"", ce que je pense faux. A partir du moment m√™me o√π vs naissez ""fille"" vs √™tes d√©j√† ds le social",16/12/15
6.799898940983214e+17,"#LT En variant le ton, ‚Äîpar exemple, tenez : Agressif : https://t.co/BVKsPW73Qe Amical https://t.co/3GDI3nXMnQ #SocioNoel",24/12/15,"#LT En variant le ton, ‚Äîpar exemple, tenez : Agressif : https://t.co/BVKsPW73Qe Amical https://t.co/3GDI3nXMnQ #SocioNoel",24/12/15
6.765054551836672e+17,"15- ""Peau Noire, Cheveu Cr√©pu. L'histoire d'une ali√©nation"" de la sociologue Juliette Sm√©ralda. #SocioNoel https://t.co/NioVUweZJR",24/12/15,"15- ""Peau Noire, Cheveu Cr√©pu. L'histoire d'une ali√©nation"" de la sociologue Juliette Sm√©ralda. #SocioNoel https://t.co/NioVUweZJR",24/12/15
6.724993488701645e+17,"#LT j'ai vu r√©cemment pass√© des tweets sur le mode ""HINHINHIN TELERAMA ILS ONT CRITIQUE A LA SORTIE ET MAINTENANT ILS FONT LEUR COUV DESSUS""",03/12/15,"#LT j'ai vu r√©cemment pass√© des tweets sur le mode ""HINHINHIN TELERAMA ILS ONT CRITIQUE A LA SORTIE ET MAINTENANT ILS FONT LEUR COUV DESSUS""",03/12/15
6.731849850047775e+17,@Silmalia #SocioNoel 4 comment sont re√ßues les oeuvres. Isabelle Charpentier. Car la sociologie de la r√©ception c'est mon truc.,05/12/15,@Silmalia #SocioNoel 4 comment sont re√ßues les oeuvres. Isabelle Charpentier. Car la sociologie de la r√©ception c'est mon truc.,05/12/15
6.745350336722002e+17,@Lil_RoXaNe et pour les marxistes https://t.co/NJ9lJZdOm9 https://t.co/lrk68WS9ny,09/12/15,@Lil_RoXaNe et pour les marxistes https://t.co/NJ9lJZdOm9 https://t.co/lrk68WS9ny,09/12/15
6.77101085312553e+17,"1. Je trouve l'id√©e qu'on ""int√©riorise"" stupide 2. On joue pas √† la gu√©-guerre 3. Tout le monde est concern√©, justement",16/12/15,"1. Je trouve l'id√©e qu'on ""int√©riorise"" stupide 2. On joue pas √† la gu√©-guerre 3. Tout le monde est concern√©, justement",16/12/15
6.738727572523213e+17,"@sociosauvage sociaux ne passent pas leur temps √† r√©inventer le monde dans lequel ils vivent, mais je pense aussi que c'est une fa√ßon",07/12/15,"@sociosauvage sociaux ne passent pas leur temps √† r√©inventer le monde dans lequel ils vivent, mais je pense aussi que c'est une fa√ßon",07/12/15
6.854924476407112e+17,"Extrait de la pr√©sentation aux √©ditions du Seuil : "" Un classique sur la condition f√©minine dans le pourtour m√©diterran√©en",08/01/16,"Extrait de la pr√©sentation aux √©ditions du Seuil : "" Un classique sur la condition f√©minine dans le pourtour m√©diterran√©en",08/01/16
6.716699955339018e+17,"@sociosauvage Si tu avais pass√© autant de temps √† participer √† #SocioNo√´l qu'√† te plaindre, tu aurais pass√© 6mn √† participer √† #SocioNo√´l.",01/12/15,"@sociosauvage Si tu avais pass√© autant de temps √† participer √† #SocioNo√´l qu'√† te plaindre, tu aurais pass√© 6mn √† participer √† #SocioNo√´l.",01/12/15
6.745858468346798e+17,#SocioNoel Intro et TdM dispo gratuitement ici : https://t.co/mVqYIekIMg,09/12/15,#SocioNoel Intro et TdM dispo gratuitement ici : https://t.co/mVqYIekIMg,09/12/15
6.757994692465172e+17,"@trasparenzaelle pour litt√©rature, sur le m√™me principe que #SocioNoel. Sauf que celui de litt√© a pas d√©coll√© je crois.",12/12/15,"@trasparenzaelle pour litt√©rature, sur le m√™me principe que #SocioNoel. Sauf que celui de litt√© a pas d√©coll√© je crois.",12/12/15
6.854932632441283e+17,Le pourtour m√©diterran√©en r√©pondant en l'occurrence √† la 2nde caract√©ristique,08/01/16,Le pourtour m√©diterran√©en r√©pondant en l'occurrence √† la 2nde caract√©ristique,08/01/16
6.719671403465073e+17,"@dan_maku mais mets franchement dans #SocioNoel, c'est √©largi √† des chercheurs en sciences humaines en gnrl @Uneheuredepeine @marieenshep",02/12/15,"@dan_maku mais mets franchement dans #SocioNoel, c'est √©largi √† des chercheurs en sciences humaines en gnrl @Uneheuredepeine @marieenshep",02/12/15
6.725005962603438e+17,"#LT Cf. https://t.co/BtBS5rgTxp pour plus de d√©tails, je travaille avec mes souvenirs l√†",03/12/15,"#LT Cf. https://t.co/BtBS5rgTxp pour plus de d√©tails, je travaille avec mes souvenirs l√†",03/12/15
6.742356637016474e+17,#SocioNoel Un extrait dispo ici : https://t.co/Krci71HmPl,08/12/15,#SocioNoel Un extrait dispo ici : https://t.co/Krci71HmPl,08/12/15
6.752469319337984e+17,"#FF @Jo14Hernandez @CobbleAndFrame C. Braconnier est aussi l'auteure des ""Inaudibles"" d√©j√† cit√© #SocioNoel https://t.co/TrMvnUcLym",11/12/15,"#FF @Jo14Hernandez @CobbleAndFrame C. Braconnier est aussi l'auteure des ""Inaudibles"" d√©j√† cit√© #SocioNoel https://t.co/TrMvnUcLym",11/12/15
6.73981485867733e+17,#SocioNoel M√©moire qui portait sur les repr√©sentations sociales du f√©minisme chez des 18-25 ans. Le bon vieux temps &lt;3,07/12/15,#SocioNoel M√©moire qui portait sur les repr√©sentations sociales du f√©minisme chez des 18-25 ans. Le bon vieux temps &lt;3,07/12/15
6.788503659121787e+17,"@EditionsduSeuil #SocioNoel  2/ R. Lenoir, G√©n√©alogie de la morale familiale https://t.co/NXrlr7imOM",21/12/15,"@EditionsduSeuil #SocioNoel  2/ R. Lenoir, G√©n√©alogie de la morale familiale https://t.co/NXrlr7imOM",21/12/15
6.73579573704065e+17,7- Documentaire sur l'ethnologue J. Favret-Saada &gt; https://t.co/t38PqUgK9g // Travaux sur la sorcellerie en France (1969-1972) #SocioNoel,07/12/15,7- Documentaire sur l'ethnologue J. Favret-Saada &gt; https://t.co/t38PqUgK9g // Travaux sur la sorcellerie en France (1969-1972) #SocioNoel,07/12/15
6.771094107879506e+17,"#SocioNo√´l, 17/12 : Sous la direction de Jacques Lagroye, ""La politisation"". https://t.co/yaR72AY7im",17/12/15,"#SocioNo√´l, 17/12 : Sous la direction de Jacques Lagroye, ""La politisation"". https://t.co/yaR72AY7im",17/12/15
6.770590737124844e+17,".@afs_socio et toujours contre la ""culture de l'excuse"", S. Beaud ""Les trois s≈ìurs et le sociologue"", IDEE, 2014/1, #SocioNoel #Day16",16/12/15,".@afs_socio et toujours contre la ""culture de l'excuse"", S. Beaud ""Les trois s≈ìurs et le sociologue"", IDEE, 2014/1, #SocioNoel #Day16",16/12/15
6.760203695060828e+17,"Et oui, #SocioNoel √ßa part en couille.",13/12/15,"Et oui, #SocioNoel √ßa part en couille.",13/12/15
6.725011044926095e+17,"#LT C'est aussi un travail de transformation des spectateurs, pour qu'ils soient capables de ressentir les oeuvres d'une certaine fa√ßon",03/12/15,"#LT C'est aussi un travail de transformation des spectateurs, pour qu'ils soient capables de ressentir les oeuvres d'une certaine fa√ßon",03/12/15
6.749031330096374e+17,"Je rattrape le retard : #PhiloNo√´l Le Ph√®dre de Platon, qui est tr√®s chouette (c'est sur l'amour) et le seul ouvrage de Platon supportable",10/12/15,"Je rattrape le retard : #PhiloNo√´l Le Ph√®dre de Platon, qui est tr√®s chouette (c'est sur l'amour) et le seul ouvrage de Platon supportable",10/12/15
6.742351942542213e+17,#SocioNoel Tr√®s utile aussi pour voir comment la socio peut servir dans la vie quotidienne.,08/12/15,#SocioNoel Tr√®s utile aussi pour voir comment la socio peut servir dans la vie quotidienne.,08/12/15
6.788882108990546e+17,"Vous trouvez mon SocioNoel du 24 d√©cembre, et je vous les offre (possibilit√© de 2 gagnants donc).",21/12/15,"Vous trouvez mon SocioNoel du 24 d√©cembre, et je vous les offre (possibilit√© de 2 gagnants donc).",21/12/15
6.738878451746816e+17,"@Comtesse_Leia d'accord avec lui). Du coup, c'est pas une surprise (d'autant plus vu le format) qu'il ne dise rien de tr√®s r√©volutionnaire.",07/12/15,"@Comtesse_Leia d'accord avec lui). Du coup, c'est pas une surprise (d'autant plus vu le format) qu'il ne dise rien de tr√®s r√©volutionnaire.",07/12/15
6.79285007647658e+17,Indice 4 (et dernier) : √ßa concerne un sujet que j'√©voque pas mal ici (en dehors de mes propres recherches...). Je compte sur vous ;),23/12/15,Indice 4 (et dernier) : √ßa concerne un sujet que j'√©voque pas mal ici (en dehors de mes propres recherches...). Je compte sur vous ;),23/12/15
6.738733479948534e+17,@sociosauvage assez inappropri√©e d'envisager l'incertitude. Je veux dire c'est pas comme si toute l'√©laboration des th√©ories des,07/12/15,@sociosauvage assez inappropri√©e d'envisager l'incertitude. Je veux dire c'est pas comme si toute l'√©laboration des th√©ories des,07/12/15
6.730665870841815e+17,"#SocioNo√´l, 6/12 : Lepage et Sibran, ""La Terre sans Mal"" https://t.co/iDXbPVpf4A",06/12/15,"#SocioNo√´l, 6/12 : Lepage et Sibran, ""La Terre sans Mal"" https://t.co/iDXbPVpf4A",06/12/15
6.720472693535539e+17,Sans oublier ses superbes traductions de Parsons ! #SocioNo√´l 1/4 https://t.co/7zoEeLorWL,02/12/15,Sans oublier ses superbes traductions de Parsons ! #SocioNo√´l 1/4 https://t.co/7zoEeLorWL,02/12/15
6.73963659794731e+17,"Les twittos moralistes l√† je craque. Mais vas-y, expose la ta solution pour sauver la d√©mocratie=Refuser de donner la parole au 3e parti fr",07/12/15,"Les twittos moralistes l√† je craque. Mais vas-y, expose la ta solution pour sauver la d√©mocratie=Refuser de donner la parole au 3e parti fr",07/12/15
6.7452992050108e+17,"#SocioNo√´l, 10/12 : ""Argumenter dans un champ de forces, essai de balistique sociologique"", Francis Chateauraynaud https://t.co/eBrCQw7bLO",10/12/15,"#SocioNo√´l, 10/12 : ""Argumenter dans un champ de forces, essai de balistique sociologique"", Francis Chateauraynaud https://t.co/eBrCQw7bLO",10/12/15
6.745869666844959e+17,#SocioNoel Corcuff a publi√© une version ultra-condens√©e en tout petit format : https://t.co/YRxLa1VB74,09/12/15,#SocioNoel Corcuff a publi√© une version ultra-condens√©e en tout petit format : https://t.co/YRxLa1VB74,09/12/15
6.720344189833339e+17,Sociologie de la gestion de Val√©rie Boussard #SocioNoel,02/12/15,Sociologie de la gestion de Val√©rie Boussard #SocioNoel,02/12/15
